{
  "id" : "proj_pp35PQ2BkvA",
  "name" : "Sophia-DE",
  "intents" : [ {
    "id" : "hass:HassLightSet",
    "type" : "registry",
    "version" : "2.0.0",
    "language" : "de",
    "slots" : [ {
      "name" : "color",
      "id" : "Hk3YzTcKM",
      "entityId" : "entity_Z1Ma0nNP5Zn",
      "missingQuestion" : "",
      "required" : false
    }, {
      "name" : "brightness",
      "id" : "rJRoGT5Ff",
      "entityId" : "snips/percentage",
      "missingQuestion" : "",
      "required" : false
    }, {
      "name" : "light",
      "id" : "r122z6cFz",
      "entityId" : "entity_Gy8qnXyg4Zl",
      "missingQuestion" : "",
      "required" : false
    } ],
    "name" : "HassLightSet",
    "enabledByDefault" : true
  }, {
    "id" : "hass:HassCloseCover",
    "type" : "registry",
    "version" : "3.0.0",
    "language" : "de",
    "slots" : [ {
      "name" : "cover",
      "id" : "B17fMT9Fz",
      "entityId" : "entity_XQMrX6kYbEM",
      "missingQuestion" : "",
      "required" : false
    } ],
    "name" : "HassCloseCover",
    "enabledByDefault" : true
  }, {
    "id" : "hass:HassTurnOff",
    "type" : "registry",
    "version" : "7.0.0",
    "language" : "de",
    "slots" : [ {
      "name" : "name",
      "id" : "Hyqjbp9tG",
      "entityId" : "entity_lXMpdGmYY87",
      "missingQuestion" : "",
      "required" : false
    } ],
    "name" : "HassTurnOff",
    "enabledByDefault" : true
  }, {
    "id" : "hass:HassOpenCover",
    "type" : "registry",
    "version" : "3.0.0",
    "language" : "de",
    "slots" : [ {
      "name" : "cover",
      "id" : "BJ3pWa5Fz",
      "entityId" : "entity_XQMrX6kYbEM",
      "missingQuestion" : "",
      "required" : false
    } ],
    "name" : "HassOpenCover",
    "enabledByDefault" : true
  }, {
    "id" : "hass:HassShoppingListAddItem",
    "type" : "registry",
    "version" : "1.0.0",
    "language" : "de",
    "slots" : [ {
      "name" : "artikel",
      "id" : "SkWBMpqFz",
      "entityId" : "entity_WKM5OBxgYMl",
      "missingQuestion" : "",
      "required" : false
    } ],
    "name" : "HassShoppingListAddItem",
    "enabledByDefault" : true
  }, {
    "id" : "hass:HassShoppingListLastItems",
    "type" : "registry",
    "version" : "1.0.0",
    "language" : "de",
    "slots" : [ ],
    "name" : "HassShoppingListLastItems",
    "enabledByDefault" : true
  }, {
    "id" : "hass:HassTurnOn",
    "type" : "registry",
    "version" : "3.0.0",
    "language" : "de",
    "slots" : [ {
      "name" : "entitat",
      "id" : "SJ9v-p9FM",
      "entityId" : "entity_lXMpdGmYY87",
      "missingQuestion" : "",
      "required" : false
    } ],
    "name" : "HassTurnOn",
    "enabledByDefault" : true
  }, {
    "id" : "domi:getAddition",
    "type" : "registry",
    "version" : "1.0.0",
    "language" : "de",
    "slots" : [ {
      "name" : "firstTerm",
      "id" : "S1Ts5mHmG",
      "entityId" : "snips/number",
      "missingQuestion" : "Womit soll addiert werden? ",
      "required" : true
    }, {
      "name" : "secondTerm",
      "id" : "rJzT57r7M",
      "entityId" : "snips/number",
      "missingQuestion" : "Welche Zahl soll addiert werden?",
      "required" : true
    } ],
    "name" : "getAddition",
    "enabledByDefault" : true
  }, {
    "id" : "domi:getSubtraktion",
    "type" : "registry",
    "version" : "2.0.0",
    "language" : "de",
    "slots" : [ {
      "name" : "firstTerm",
      "id" : "r1M23EHmf",
      "entityId" : "snips/number",
      "missingQuestion" : "Von was soll ich subtrahieren?",
      "required" : true
    }, {
      "name" : "secondTerm",
      "id" : "rJWC3Vr7f",
      "entityId" : "snips/number",
      "missingQuestion" : "Welche Zahl soll ich subtrahieren?",
      "required" : true
    } ],
    "name" : "getSubtraktion",
    "enabledByDefault" : true
  }, {
    "id" : "domi:getZufall",
    "type" : "registry",
    "version" : "1.0.0",
    "language" : "de",
    "slots" : [ {
      "name" : "item_random",
      "id" : "slot_imported_EZ5Uhaljo",
      "entityId" : "entity_b3XrePxN8Q4y",
      "missingQuestion" : "",
      "required" : false
    } ],
    "name" : "getZufall",
    "enabledByDefault" : true
  }, {
    "id" : "domi:getWurzel",
    "type" : "registry",
    "version" : "2.0.0",
    "language" : "de",
    "slots" : [ {
      "name" : "firstTerm",
      "id" : "Sy9aP4BQz",
      "entityId" : "snips/number",
      "missingQuestion" : "Quadratwurzel von?",
      "required" : true
    }, {
      "name" : "exponent",
      "id" : "H1oYRTe1Q",
      "entityId" : "snips/ordinal",
      "missingQuestion" : "",
      "required" : false
    } ],
    "name" : "getWurzel",
    "enabledByDefault" : true
  }, {
    "id" : "domi:getDivision",
    "type" : "registry",
    "version" : "3.0.0",
    "language" : "de",
    "slots" : [ {
      "name" : "firstTerm",
      "id" : "Hy6L7ESmG",
      "entityId" : "snips/number",
      "missingQuestion" : "Welche Zahl soll ich teilen?",
      "required" : true
    }, {
      "name" : "secondTerm",
      "id" : "rkFdmNS7G",
      "entityId" : "snips/number",
      "missingQuestion" : "Durch welche Zahl soll ich teilen?",
      "required" : true
    } ],
    "name" : "getDivision",
    "enabledByDefault" : true
  }, {
    "id" : "domi:getMultiplikation",
    "type" : "registry",
    "version" : "1.0.0",
    "language" : "de",
    "slots" : [ {
      "name" : "firstTerm",
      "id" : "rJRYh7BmG",
      "entityId" : "snips/number",
      "missingQuestion" : "Womit soll ich multiplizieren?",
      "required" : true
    }, {
      "name" : "secondTerm",
      "id" : "B1gjhmrQf",
      "entityId" : "snips/number",
      "missingQuestion" : "Welche Zahl soll Multipliziert werden?",
      "required" : true
    } ],
    "name" : "getMultiplikation",
    "enabledByDefault" : true
  }, {
    "id" : "TMaddox:getLogarithm",
    "type" : "registry",
    "version" : "1.0.0",
    "language" : "de",
    "slots" : [ {
      "name" : "x",
      "id" : "csnX3rm5L",
      "entityId" : "snips/number",
      "missingQuestion" : "x?",
      "required" : true
    }, {
      "name" : "base",
      "id" : "jyO0OLSoL",
      "entityId" : "snips/number",
      "missingQuestion" : "base?",
      "required" : true
    } ],
    "name" : "getLogarithm",
    "enabledByDefault" : true
  }, {
    "id" : "TMaddox:getAddition",
    "type" : "registry",
    "version" : "1.0.0",
    "language" : "de",
    "slots" : [ {
      "name" : "firstTerm",
      "id" : "S1Ts5mHmG",
      "entityId" : "snips/number",
      "missingQuestion" : "Womit soll addiert werden? ",
      "required" : true
    }, {
      "name" : "secondTerm",
      "id" : "rJzT57r7M",
      "entityId" : "snips/number",
      "missingQuestion" : "Welche Zahl soll addiert werden?",
      "required" : true
    } ],
    "name" : "getAddition",
    "enabledByDefault" : true
  }, {
    "id" : "TMaddox:getMultiplikation",
    "type" : "registry",
    "version" : "1.0.0",
    "language" : "de",
    "slots" : [ {
      "name" : "firstTerm",
      "id" : "rJRYh7BmG",
      "entityId" : "snips/number",
      "missingQuestion" : "Womit soll ich multiplizieren?",
      "required" : true
    }, {
      "name" : "secondTerm",
      "id" : "B1gjhmrQf",
      "entityId" : "snips/number",
      "missingQuestion" : "Welche Zahl soll Multipliziert werden?",
      "required" : true
    } ],
    "name" : "getMultiplikation",
    "enabledByDefault" : true
  }, {
    "id" : "TMaddox:getPower",
    "type" : "registry",
    "version" : "1.0.0",
    "language" : "de",
    "slots" : [ {
      "name" : "base",
      "id" : "yp1rE4pk_",
      "entityId" : "snips/number",
      "missingQuestion" : "Was soll exponentiert werden?",
      "required" : true
    }, {
      "name" : "exponent",
      "id" : "_YSowhZ3S",
      "entityId" : "snips/number",
      "missingQuestion" : "Exponent?",
      "required" : true
    } ],
    "name" : "getPower",
    "enabledByDefault" : true
  }, {
    "id" : "TMaddox:getDivision",
    "type" : "registry",
    "version" : "1.0.0",
    "language" : "de",
    "slots" : [ {
      "name" : "firstTerm",
      "id" : "Hy6L7ESmG",
      "entityId" : "snips/number",
      "missingQuestion" : "Welche Zahl soll ich teilen?",
      "required" : true
    }, {
      "name" : "secondTerm",
      "id" : "rkFdmNS7G",
      "entityId" : "snips/number",
      "missingQuestion" : "Durch welche Zahl soll ich teilen?",
      "required" : true
    } ],
    "name" : "getDivision",
    "enabledByDefault" : true
  }, {
    "id" : "TMaddox:getWurzel",
    "type" : "registry",
    "version" : "1.0.0",
    "language" : "de",
    "slots" : [ {
      "name" : "firstTerm",
      "id" : "Sy9aP4BQz",
      "entityId" : "snips/number",
      "missingQuestion" : "Quadratwurzel von?",
      "required" : true
    }, {
      "name" : "exponent",
      "id" : "H1oYRTe1Q",
      "entityId" : "snips/ordinal",
      "missingQuestion" : "Exponent?",
      "required" : false
    } ],
    "name" : "getWurzel",
    "enabledByDefault" : true
  }, {
    "id" : "TMaddox:getSubtraktion",
    "type" : "registry",
    "version" : "1.0.0",
    "language" : "de",
    "slots" : [ {
      "name" : "firstTerm",
      "id" : "r1M23EHmf",
      "entityId" : "snips/number",
      "missingQuestion" : "Von was soll ich subtrahieren?",
      "required" : true
    }, {
      "name" : "secondTerm",
      "id" : "rJWC3Vr7f",
      "entityId" : "snips/number",
      "missingQuestion" : "Welche Zahl soll ich subtrahieren?",
      "required" : true
    } ],
    "name" : "getSubtraktion",
    "enabledByDefault" : true
  }, {
    "id" : "TMaddox:getWinkelfunktion",
    "type" : "registry",
    "version" : "1.0.0",
    "language" : "de",
    "slots" : [ {
      "name" : "Winkelfunktion",
      "id" : "BcvL2gbqy",
      "entityId" : "entity_3n9nreb68rW",
      "missingQuestion" : "Winkelfunktion",
      "required" : true
    }, {
      "name" : "Wert",
      "id" : "7YIEfa9jz",
      "entityId" : "snips/number",
      "missingQuestion" : "",
      "required" : false
    } ],
    "name" : "getWinkelfunktion",
    "enabledByDefault" : true
  }, {
    "id" : "mcitar:timerRemainingTime",
    "type" : "registry",
    "version" : "1.0.0",
    "language" : "de",
    "slots" : [ {
      "name" : "Timer",
      "id" : "S8YxKVE0h",
      "entityId" : "entity_W4ekXED3r6d",
      "missingQuestion" : "",
      "required" : false
    } ],
    "name" : "timerRemainingTime",
    "enabledByDefault" : true
  }, {
    "id" : "mcitar:timerRemember",
    "type" : "registry",
    "version" : "1.0.0",
    "language" : "de",
    "slots" : [ {
      "name" : "duration",
      "id" : "o1O0RzrpV",
      "entityId" : "snips/duration",
      "missingQuestion" : "",
      "required" : false
    }, {
      "name" : "sentence",
      "id" : "604ljnXb2",
      "entityId" : "entity_015kn3wxYV",
      "missingQuestion" : "",
      "required" : false
    } ],
    "name" : "timerRemember",
    "enabledByDefault" : true
  }, {
    "id" : "mcitar:timerRemove",
    "type" : "registry",
    "version" : "1.0.0",
    "language" : "de",
    "slots" : [ {
      "name" : "TimerStop",
      "id" : "ph6UdJHNL",
      "entityId" : "entity_W4ekXED3r6d",
      "missingQuestion" : "",
      "required" : false
    } ],
    "name" : "timerRemove",
    "enabledByDefault" : true
  }, {
    "id" : "CrystalMethod:searchWikipedia",
    "type" : "registry",
    "version" : "1.0.0",
    "language" : "de",
    "slots" : [ {
      "name" : "article_indicator",
      "id" : "HJhvj7uW7",
      "entityId" : "entity_Q4w0ODAmaD04",
      "missingQuestion" : "Zu welchem Thema möchtest Du etwas wissen?",
      "required" : false
    } ],
    "name" : "searchWikipedia",
    "enabledByDefault" : true
  } ],
  "createdAt" : "2019-10-16T10:44:19.729Z",
  "language" : "de",
  "version" : {
    "nluModel" : "0.20.1"
  },
  "platform" : {
    "type" : "raspberrypi"
  },
  "asr" : {
    "type" : "snips"
  },
  "analyticsEnabled" : false,
  "heartbeatEnabled" : false,
  "hotword" : "hey_snips"
}