{
  "config": {
    "ignore_stop_words": true,
    "unit_name": "lookup_intent_parser"
  },
  "entity_scopes": [
    {
      "entity_scope": {
        "builtin": [],
        "custom": [
          "article"
        ]
      },
      "intent_group": [
        "CrystalMethod:searchWikipedia"
      ]
    },
    {
      "entity_scope": {
        "builtin": [
          "snips/number"
        ],
        "custom": []
      },
      "intent_group": [
        "TMaddox:getAddition",
        "TMaddox:getDivision",
        "TMaddox:getLogarithm",
        "TMaddox:getMultiplikation",
        "TMaddox:getPower",
        "TMaddox:getSubtraktion",
        "domi:getAddition",
        "domi:getDivision",
        "domi:getMultiplikation",
        "domi:getSubtraktion"
      ]
    },
    {
      "entity_scope": {
        "builtin": [
          "snips/number"
        ],
        "custom": [
          "Winkelfunktionen"
        ]
      },
      "intent_group": [
        "TMaddox:getWinkelfunktion"
      ]
    },
    {
      "entity_scope": {
        "builtin": [
          "snips/number",
          "snips/ordinal"
        ],
        "custom": []
      },
      "intent_group": [
        "TMaddox:getWurzel",
        "domi:getWurzel"
      ]
    },
    {
      "entity_scope": {
        "builtin": [],
        "custom": [
          "randomThings"
        ]
      },
      "intent_group": [
        "domi:getZufall"
      ]
    },
    {
      "entity_scope": {
        "builtin": [],
        "custom": [
          "hass_cover"
        ]
      },
      "intent_group": [
        "hass:HassCloseCover",
        "hass:HassOpenCover"
      ]
    },
    {
      "entity_scope": {
        "builtin": [
          "snips/percentage"
        ],
        "custom": [
          "hass_light",
          "farbe"
        ]
      },
      "intent_group": [
        "hass:HassLightSet"
      ]
    },
    {
      "entity_scope": {
        "builtin": [],
        "custom": [
          "artikel"
        ]
      },
      "intent_group": [
        "hass:HassShoppingListAddItem"
      ]
    },
    {
      "entity_scope": {
        "builtin": [],
        "custom": []
      },
      "intent_group": [
        "hass:HassShoppingListLastItems"
      ]
    },
    {
      "entity_scope": {
        "builtin": [],
        "custom": [
          "hass_entity"
        ]
      },
      "intent_group": [
        "hass:HassTurnOff",
        "hass:HassTurnOn"
      ]
    },
    {
      "entity_scope": {
        "builtin": [],
        "custom": [
          "Timer"
        ]
      },
      "intent_group": [
        "mcitar:timerRemainingTime",
        "mcitar:timerRemove"
      ]
    },
    {
      "entity_scope": {
        "builtin": [
          "snips/duration"
        ],
        "custom": [
          "Zeit"
        ]
      },
      "intent_group": [
        "mcitar:timerRemember"
      ]
    }
  ],
  "intents_names": [
    "CrystalMethod:searchWikipedia",
    "TMaddox:getAddition",
    "TMaddox:getDivision",
    "TMaddox:getLogarithm",
    "TMaddox:getMultiplikation",
    "TMaddox:getPower",
    "TMaddox:getSubtraktion",
    "TMaddox:getWinkelfunktion",
    "TMaddox:getWurzel",
    "domi:getAddition",
    "domi:getDivision",
    "domi:getMultiplikation",
    "domi:getSubtraktion",
    "domi:getWurzel",
    "domi:getZufall",
    "hass:HassCloseCover",
    "hass:HassLightSet",
    "hass:HassOpenCover",
    "hass:HassShoppingListAddItem",
    "hass:HassShoppingListLastItems",
    "hass:HassTurnOff",
    "hass:HassTurnOn",
    "mcitar:timerRemainingTime",
    "mcitar:timerRemember",
    "mcitar:timerRemove"
  ],
  "language_code": "de",
  "map": {
    "-2143993118": [
      20,
      [
        14
      ]
    ],
    "-2129867019": [
      24,
      [
        19,
        19
      ]
    ],
    "-2128902853": [
      20,
      [
        14
      ]
    ],
    "-2098916601": [
      20,
      [
        14
      ]
    ],
    "-2084357113": [
      5,
      [
        3,
        5
      ]
    ],
    "-2070203173": [
      0,
      [
        0
      ]
    ],
    "-2059166860": [
      19,
      []
    ],
    "-2026365507": [
      1,
      [
        1,
        2
      ]
    ],
    "-2020249855": [
      0,
      [
        0
      ]
    ],
    "-1990866035": [
      3,
      [
        4,
        3
      ]
    ],
    "-1956621267": [
      21,
      [
        15
      ]
    ],
    "-1955118649": [
      24,
      [
        19
      ]
    ],
    "-1938341224": [
      21,
      [
        15
      ]
    ],
    "-1922267993": [
      14,
      [
        8
      ]
    ],
    "-1914227860": [
      21,
      [
        15
      ]
    ],
    "-1898627679": [
      20,
      [
        14
      ]
    ],
    "-1894960348": [
      21,
      [
        15
      ]
    ],
    "-1890630529": [
      21,
      [
        15
      ]
    ],
    "-1883447641": [
      21,
      [
        15
      ]
    ],
    "-1866864126": [
      20,
      [
        14
      ]
    ],
    "-1856505657": [
      20,
      [
        14
      ]
    ],
    "-1850944323": [
      3,
      [
        4,
        3
      ]
    ],
    "-1799214881": [
      21,
      [
        15
      ]
    ],
    "-1783737748": [
      21,
      [
        15
      ]
    ],
    "-1782266667": [
      12,
      [
        1,
        2
      ]
    ],
    "-1777815645": [
      21,
      [
        15
      ]
    ],
    "-1764546721": [
      12,
      [
        1,
        2
      ]
    ],
    "-1758273339": [
      20,
      [
        14
      ]
    ],
    "-1724660093": [
      7,
      [
        6,
        7
      ]
    ],
    "-1711182899": [
      21,
      [
        15
      ]
    ],
    "-1689903204": [
      21,
      [
        15
      ]
    ],
    "-1633376193": [
      6,
      [
        1,
        2
      ]
    ],
    "-1632235252": [
      0,
      [
        0
      ]
    ],
    "-1614147643": [
      3,
      [
        3,
        4
      ]
    ],
    "-1593635337": [
      20,
      [
        14
      ]
    ],
    "-1588752778": [
      14,
      [
        8
      ]
    ],
    "-1584820744": [
      20,
      [
        14
      ]
    ],
    "-1569928314": [
      21,
      [
        15
      ]
    ],
    "-1569899714": [
      20,
      [
        14
      ]
    ],
    "-1568566312": [
      21,
      [
        15
      ]
    ],
    "-1562227046": [
      14,
      [
        8
      ]
    ],
    "-1528084082": [
      20,
      [
        14
      ]
    ],
    "-1513502448": [
      14,
      [
        8
      ]
    ],
    "-1511567028": [
      21,
      [
        15
      ]
    ],
    "-1455449394": [
      21,
      [
        15
      ]
    ],
    "-1454211282": [
      20,
      [
        14
      ]
    ],
    "-1450678227": [
      15,
      [
        9
      ]
    ],
    "-1447036556": [
      21,
      [
        15
      ]
    ],
    "-1397330412": [
      21,
      [
        15
      ]
    ],
    "-1387804028": [
      21,
      [
        15
      ]
    ],
    "-1374512346": [
      0,
      [
        0
      ]
    ],
    "-1292468156": [
      24,
      []
    ],
    "-1289456073": [
      14,
      [
        8
      ]
    ],
    "-1276321303": [
      7,
      [
        6,
        7
      ]
    ],
    "-1269424571": [
      14,
      [
        8
      ]
    ],
    "-1259230042": [
      7,
      [
        6,
        7
      ]
    ],
    "-1242560248": [
      21,
      [
        15
      ]
    ],
    "-1230264845": [
      0,
      [
        0
      ]
    ],
    "-1225186545": [
      24,
      [
        19,
        19
      ]
    ],
    "-1209711350": [
      6,
      [
        1,
        2
      ]
    ],
    "-1196038939": [
      22,
      [
        16
      ]
    ],
    "-1165151930": [
      22,
      [
        16
      ]
    ],
    "-1130655597": [
      21,
      [
        15
      ]
    ],
    "-1117868004": [
      20,
      [
        14
      ]
    ],
    "-1117780214": [
      21,
      [
        15
      ]
    ],
    "-1079841695": [
      3,
      [
        3,
        4
      ]
    ],
    "-1070111255": [
      21,
      [
        15
      ]
    ],
    "-1014230343": [
      0,
      [
        0
      ]
    ],
    "-999048813": [
      20,
      [
        14
      ]
    ],
    "-969057128": [
      21,
      [
        15
      ]
    ],
    "-965656877": [
      20,
      [
        14
      ]
    ],
    "-954169414": [
      12,
      [
        1,
        2
      ]
    ],
    "-945835873": [
      20,
      [
        14
      ]
    ],
    "-923674867": [
      14,
      [
        8
      ]
    ],
    "-921624738": [
      12,
      [
        1,
        2
      ]
    ],
    "-905606079": [
      20,
      [
        14
      ]
    ],
    "-899633831": [
      20,
      [
        14
      ]
    ],
    "-899612738": [
      20,
      [
        14
      ]
    ],
    "-897984971": [
      14,
      [
        8
      ]
    ],
    "-897932353": [
      14,
      [
        8
      ]
    ],
    "-866545411": [
      4,
      [
        1,
        2
      ]
    ],
    "-854736362": [
      21,
      [
        15
      ]
    ],
    "-854088300": [
      21,
      [
        15
      ]
    ],
    "-835729582": [
      7,
      [
        6,
        7
      ]
    ],
    "-807915267": [
      22,
      [
        16
      ]
    ],
    "-768908990": [
      20,
      [
        14
      ]
    ],
    "-745748903": [
      14,
      [
        8
      ]
    ],
    "-744042375": [
      20,
      [
        14
      ]
    ],
    "-731841267": [
      20,
      [
        14
      ]
    ],
    "-725631432": [
      20,
      [
        14
      ]
    ],
    "-699010428": [
      20,
      [
        14
      ]
    ],
    "-684403364": [
      14,
      [
        8
      ]
    ],
    "-680402915": [
      7,
      [
        6,
        7
      ]
    ],
    "-669397014": [
      20,
      [
        14
      ]
    ],
    "-626684426": [
      7,
      [
        6,
        7
      ]
    ],
    "-618364592": [
      14,
      [
        8
      ]
    ],
    "-617794193": [
      20,
      [
        14
      ]
    ],
    "-611415932": [
      21,
      [
        15
      ]
    ],
    "-610039171": [
      20,
      [
        14
      ]
    ],
    "-605337688": [
      0,
      [
        0
      ]
    ],
    "-586992039": [
      22,
      [
        16
      ]
    ],
    "-574872281": [
      21,
      [
        15
      ]
    ],
    "-570141822": [
      23,
      [
        17,
        18
      ]
    ],
    "-545340831": [
      18,
      [
        13
      ]
    ],
    "-535030038": [
      20,
      [
        14
      ]
    ],
    "-504565089": [
      21,
      [
        15
      ]
    ],
    "-452662461": [
      0,
      [
        0
      ]
    ],
    "-439486902": [
      20,
      [
        14
      ]
    ],
    "-414283247": [
      21,
      [
        15
      ]
    ],
    "-393220653": [
      21,
      [
        15
      ]
    ],
    "-371523259": [
      21,
      [
        15
      ]
    ],
    "-368007673": [
      5,
      [
        3,
        5
      ]
    ],
    "-339208234": [
      20,
      [
        14
      ]
    ],
    "-337768911": [
      21,
      [
        15
      ]
    ],
    "-324656368": [
      20,
      [
        14
      ]
    ],
    "-295459743": [
      0,
      [
        0
      ]
    ],
    "-293039502": [
      21,
      [
        15
      ]
    ],
    "-284513780": [
      20,
      [
        14
      ]
    ],
    "-261780346": [
      21,
      [
        15
      ]
    ],
    "-257502272": [
      21,
      [
        15
      ]
    ],
    "-216250596": [
      20,
      [
        14
      ]
    ],
    "-215098552": [
      20,
      [
        14
      ]
    ],
    "-209062029": [
      14,
      [
        8
      ]
    ],
    "-198866664": [
      20,
      [
        14
      ]
    ],
    "-189810652": [
      20,
      []
    ],
    "-184028806": [
      0,
      [
        0
      ]
    ],
    "-166238054": [
      12,
      [
        1,
        2
      ]
    ],
    "-133892097": [
      24,
      []
    ],
    "-121378530": [
      20,
      [
        14
      ]
    ],
    "-118471316": [
      20,
      [
        14
      ]
    ],
    "-91008150": [
      21,
      [
        15
      ]
    ],
    "-67986327": [
      22,
      []
    ],
    "-66968693": [
      14,
      [
        8
      ]
    ],
    "-61521302": [
      20,
      [
        14
      ]
    ],
    "-57238630": [
      0,
      [
        0
      ]
    ],
    "-15192859": [
      12,
      [
        1,
        2
      ]
    ],
    "-14606412": [
      3,
      [
        4,
        3
      ]
    ],
    "-8293688": [
      20,
      [
        14
      ]
    ],
    "7230216": [
      12,
      [
        1,
        2
      ]
    ],
    "27460257": [
      20,
      [
        14
      ]
    ],
    "28392604": [
      21,
      [
        15
      ]
    ],
    "76757206": [
      22,
      [
        16
      ]
    ],
    "98250667": [
      12,
      [
        1,
        2
      ]
    ],
    "104880998": [
      12,
      [
        1,
        2
      ]
    ],
    "115134136": [
      21,
      [
        15
      ]
    ],
    "127605982": [
      21,
      [
        15
      ]
    ],
    "143393232": [
      5,
      [
        3,
        5
      ]
    ],
    "145666921": [
      0,
      [
        0
      ]
    ],
    "147637730": [
      7,
      [
        6,
        7
      ]
    ],
    "159535981": [
      20,
      [
        14
      ]
    ],
    "167068729": [
      20,
      [
        14
      ]
    ],
    "179738458": [
      21,
      [
        15
      ]
    ],
    "194123223": [
      14,
      [
        8
      ]
    ],
    "209374172": [
      21,
      [
        15
      ]
    ],
    "226600699": [
      21,
      [
        15
      ]
    ],
    "240336588": [
      0,
      [
        0
      ]
    ],
    "246719250": [
      0,
      [
        0
      ]
    ],
    "257092497": [
      21,
      [
        15
      ]
    ],
    "271494450": [
      22,
      [
        16
      ]
    ],
    "277991808": [
      12,
      [
        1,
        2
      ]
    ],
    "282354538": [
      3,
      [
        4,
        3
      ]
    ],
    "295934664": [
      21,
      [
        15
      ]
    ],
    "308714613": [
      21,
      [
        15
      ]
    ],
    "313926973": [
      20,
      [
        14
      ]
    ],
    "321218089": [
      21,
      [
        15
      ]
    ],
    "339778627": [
      21,
      [
        15
      ]
    ],
    "344614963": [
      20,
      [
        14
      ]
    ],
    "345152928": [
      22,
      [
        16
      ]
    ],
    "355876343": [
      12,
      [
        1,
        2
      ]
    ],
    "361081860": [
      24,
      [
        19
      ]
    ],
    "368517077": [
      21,
      [
        15
      ]
    ],
    "388750403": [
      5,
      [
        3,
        5
      ]
    ],
    "408444145": [
      21,
      [
        15
      ]
    ],
    "434811917": [
      21,
      [
        15
      ]
    ],
    "446107123": [
      22,
      [
        16
      ]
    ],
    "451572700": [
      20,
      [
        14
      ]
    ],
    "460184939": [
      0,
      [
        0
      ]
    ],
    "464714456": [
      5,
      [
        3,
        5
      ]
    ],
    "492744065": [
      14,
      [
        8
      ]
    ],
    "575584974": [
      20,
      [
        14
      ]
    ],
    "582061017": [
      20,
      [
        14
      ]
    ],
    "626346309": [
      14,
      [
        8
      ]
    ],
    "650414308": [
      21,
      [
        15
      ]
    ],
    "675033592": [
      21,
      [
        15
      ]
    ],
    "707027444": [
      0,
      [
        0
      ]
    ],
    "743973565": [
      24,
      []
    ],
    "768055522": [
      14,
      [
        8
      ]
    ],
    "776148461": [
      23,
      [
        17,
        18
      ]
    ],
    "794413258": [
      20,
      [
        14
      ]
    ],
    "802825195": [
      21,
      [
        15
      ]
    ],
    "806730039": [
      20,
      [
        14
      ]
    ],
    "838902508": [
      14,
      [
        8
      ]
    ],
    "864907277": [
      20,
      [
        14
      ]
    ],
    "872065092": [
      20,
      [
        14
      ]
    ],
    "880031936": [
      21,
      [
        15
      ]
    ],
    "925042340": [
      5,
      [
        3,
        5
      ]
    ],
    "927999538": [
      0,
      [
        0
      ]
    ],
    "936390374": [
      22,
      [
        16
      ]
    ],
    "950975500": [
      23,
      [
        18,
        17
      ]
    ],
    "986909105": [
      20,
      [
        14
      ]
    ],
    "991582101": [
      14,
      [
        8
      ]
    ],
    "1004086044": [
      20,
      [
        14
      ]
    ],
    "1012275815": [
      21,
      [
        15
      ]
    ],
    "1075824499": [
      20,
      [
        14
      ]
    ],
    "1088646028": [
      21,
      [
        15
      ]
    ],
    "1120825728": [
      21,
      [
        15
      ]
    ],
    "1124263857": [
      21,
      [
        15
      ]
    ],
    "1130432187": [
      20,
      [
        14
      ]
    ],
    "1137994060": [
      20,
      [
        14
      ]
    ],
    "1144783349": [
      20,
      [
        14
      ]
    ],
    "1162144474": [
      21,
      []
    ],
    "1200901536": [
      22,
      []
    ],
    "1215332104": [
      20,
      [
        14
      ]
    ],
    "1219151702": [
      21,
      [
        15
      ]
    ],
    "1228204631": [
      20,
      [
        14
      ]
    ],
    "1231748895": [
      5,
      [
        3,
        5
      ]
    ],
    "1277426567": [
      20,
      [
        14
      ]
    ],
    "1285869471": [
      3,
      [
        4,
        3
      ]
    ],
    "1296027407": [
      21,
      [
        15
      ]
    ],
    "1306785579": [
      21,
      [
        15
      ]
    ],
    "1358340908": [
      14,
      [
        8
      ]
    ],
    "1363409120": [
      20,
      [
        14
      ]
    ],
    "1390142404": [
      20,
      [
        14
      ]
    ],
    "1409849832": [
      21,
      [
        15
      ]
    ],
    "1418707236": [
      21,
      [
        15
      ]
    ],
    "1420556823": [
      20,
      [
        14
      ]
    ],
    "1448417694": [
      0,
      [
        0
      ]
    ],
    "1449855444": [
      5,
      [
        3,
        5
      ]
    ],
    "1453111485": [
      21,
      [
        15
      ]
    ],
    "1457763719": [
      7,
      [
        6,
        7
      ]
    ],
    "1457920632": [
      20,
      [
        14
      ]
    ],
    "1460411196": [
      14,
      [
        8
      ]
    ],
    "1473737696": [
      21,
      [
        15
      ]
    ],
    "1475597292": [
      21,
      [
        15
      ]
    ],
    "1477025802": [
      20,
      [
        14
      ]
    ],
    "1480341657": [
      23,
      [
        17,
        17,
        18
      ]
    ],
    "1484425142": [
      21,
      [
        15
      ]
    ],
    "1505875911": [
      21,
      [
        15
      ]
    ],
    "1529785734": [
      24,
      []
    ],
    "1533010754": [
      21,
      [
        15
      ]
    ],
    "1537833736": [
      20,
      [
        14
      ]
    ],
    "1541682161": [
      20,
      [
        14
      ]
    ],
    "1541793832": [
      20,
      [
        14
      ]
    ],
    "1599110993": [
      20,
      [
        14
      ]
    ],
    "1615438134": [
      21,
      [
        15
      ]
    ],
    "1622791158": [
      21,
      [
        15
      ]
    ],
    "1628236162": [
      16,
      [
        10,
        11,
        12
      ]
    ],
    "1628402738": [
      23,
      [
        17,
        18
      ]
    ],
    "1628920979": [
      5,
      [
        3,
        5
      ]
    ],
    "1659821584": [
      21,
      [
        15
      ]
    ],
    "1702820775": [
      22,
      [
        16
      ]
    ],
    "1711661718": [
      21,
      [
        15
      ]
    ],
    "1714046071": [
      14,
      [
        8
      ]
    ],
    "1743946947": [
      21,
      [
        15
      ]
    ],
    "1744373779": [
      21,
      [
        15
      ]
    ],
    "1773468791": [
      20,
      [
        14
      ]
    ],
    "1797777159": [
      21,
      [
        15
      ]
    ],
    "1808678976": [
      20,
      [
        14
      ]
    ],
    "1853582879": [
      22,
      [
        16
      ]
    ],
    "1874144232": [
      17,
      [
        9
      ]
    ],
    "1874645119": [
      24,
      [
        19
      ]
    ],
    "1897725426": [
      20,
      [
        14
      ]
    ],
    "1923659808": [
      6,
      [
        1,
        2
      ]
    ],
    "1939049107": [
      21,
      [
        15
      ]
    ],
    "1958734107": [
      0,
      [
        0
      ]
    ],
    "2015143728": [
      0,
      [
        0
      ]
    ],
    "2045766003": [
      20,
      [
        14
      ]
    ],
    "2093898941": [
      21,
      [
        15
      ]
    ],
    "2129736162": [
      20,
      [
        14
      ]
    ],
    "2136825140": [
      20,
      [
        14
      ]
    ],
    "2141730780": [
      5,
      [
        3,
        5
      ]
    ]
  },
  "slots_names": [
    "article_indicator",
    "firstTerm",
    "secondTerm",
    "base",
    "x",
    "exponent",
    "Winkelfunktion",
    "Wert",
    "item_random",
    "cover",
    "light",
    "color",
    "brightness",
    "artikel",
    "name",
    "entitat",
    "Timer",
    "sentence",
    "duration",
    "TimerStop"
  ],
  "stop_words_whitelist": {}
}