{
  "config": {
    "ignore_stop_words": true,
    "unit_name": "lookup_intent_parser"
  },
  "entity_scopes": [
    {
      "entity_scope": {
        "builtin": [],
        "custom": []
      },
      "intent_group": [
        "Psychokiller1888:getDate",
        "Psychokiller1888:getDay",
        "Psychokiller1888:getTime",
        "hass:HassShoppingListLastItems",
        "weathon:ListAlarm"
      ]
    },
    {
      "entity_scope": {
        "builtin": [],
        "custom": [
          "hass_cover"
        ]
      },
      "intent_group": [
        "hass:HassCloseCover",
        "hass:HassOpenCover"
      ]
    },
    {
      "entity_scope": {
        "builtin": [
          "snips/percentage"
        ],
        "custom": [
          "light",
          "color"
        ]
      },
      "intent_group": [
        "hass:HassLightSet"
      ]
    },
    {
      "entity_scope": {
        "builtin": [],
        "custom": [
          "shopping_items"
        ]
      },
      "intent_group": [
        "hass:HassShoppingListAddItem"
      ]
    },
    {
      "entity_scope": {
        "builtin": [],
        "custom": [
          "hass_entity"
        ]
      },
      "intent_group": [
        "hass:HassTurnOff",
        "hass:HassTurnOn"
      ]
    },
    {
      "entity_scope": {
        "builtin": [
          "snips/number"
        ],
        "custom": []
      },
      "intent_group": [
        "mika:GetDifference",
        "mika:GetProduct",
        "mika:GetQuotient",
        "mika:GetSum"
      ]
    },
    {
      "entity_scope": {
        "builtin": [
          "snips/number"
        ],
        "custom": [
          "food",
          "food_unit",
          "quantity_literal"
        ]
      },
      "intent_group": [
        "randhindi:FoodTracker"
      ]
    },
    {
      "entity_scope": {
        "builtin": [],
        "custom": [
          "feeling",
          "scale_literal"
        ]
      },
      "intent_group": [
        "randhindi:MoodTracker"
      ]
    },
    {
      "entity_scope": {
        "builtin": [],
        "custom": [
          "locality",
          "timeSlot"
        ]
      },
      "intent_group": [
        "sergenes:tellTheWorldTime"
      ]
    },
    {
      "entity_scope": {
        "builtin": [
          "snips/ordinal"
        ],
        "custom": []
      },
      "intent_group": [
        "weathon:CancelAlarm"
      ]
    },
    {
      "entity_scope": {
        "builtin": [
          "snips/datetime"
        ],
        "custom": []
      },
      "intent_group": [
        "weathon:CreatAlarm"
      ]
    }
  ],
  "intents_names": [
    "Psychokiller1888:getDate",
    "Psychokiller1888:getDay",
    "Psychokiller1888:getTime",
    "hass:HassCloseCover",
    "hass:HassLightSet",
    "hass:HassOpenCover",
    "hass:HassShoppingListAddItem",
    "hass:HassShoppingListLastItems",
    "hass:HassTurnOff",
    "hass:HassTurnOn",
    "mika:GetDifference",
    "mika:GetProduct",
    "mika:GetQuotient",
    "mika:GetSum",
    "randhindi:FoodTracker",
    "randhindi:MoodTracker",
    "sergenes:tellTheWorldTime",
    "weathon:CancelAlarm",
    "weathon:CreatAlarm",
    "weathon:ListAlarm"
  ],
  "language_code": "en",
  "map": {
    "-2127290119": [
      14,
      [
        7,
        9
      ]
    ],
    "-2106785667": [
      10,
      [
        5,
        6
      ]
    ],
    "-2093821027": [
      8,
      [
        1
      ]
    ],
    "-2083726158": [
      14,
      [
        10,
        8,
        9
      ]
    ],
    "-2077405473": [
      8,
      [
        1
      ]
    ],
    "-2059288110": [
      7,
      []
    ],
    "-2057050270": [
      11,
      [
        5,
        6
      ]
    ],
    "-2055443697": [
      14,
      [
        7,
        10,
        8,
        9
      ]
    ],
    "-2028964294": [
      14,
      []
    ],
    "-2026365507": [
      13,
      [
        5,
        6
      ]
    ],
    "-2024389586": [
      2,
      []
    ],
    "-2003239995": [
      14,
      [
        7,
        10,
        8,
        9
      ]
    ],
    "-1979254904": [
      14,
      [
        7,
        10,
        9,
        8
      ]
    ],
    "-1940005053": [
      12,
      [
        5,
        6
      ]
    ],
    "-1925227959": [
      2,
      []
    ],
    "-1921770018": [
      14,
      [
        7,
        8,
        10,
        9
      ]
    ],
    "-1903785610": [
      9,
      [
        1
      ]
    ],
    "-1901140389": [
      14,
      [
        9
      ]
    ],
    "-1900968523": [
      17,
      []
    ],
    "-1899557380": [
      15,
      [
        11,
        12
      ]
    ],
    "-1854697951": [
      16,
      [
        13,
        14
      ]
    ],
    "-1843641696": [
      14,
      [
        9
      ]
    ],
    "-1819207549": [
      14,
      [
        7,
        8,
        9
      ]
    ],
    "-1809714856": [
      14,
      [
        9,
        7,
        10,
        8
      ]
    ],
    "-1808536826": [
      14,
      [
        10,
        9,
        10,
        8
      ]
    ],
    "-1792867860": [
      14,
      [
        10,
        8,
        9
      ]
    ],
    "-1778771030": [
      9,
      [
        1
      ]
    ],
    "-1769788662": [
      14,
      [
        7,
        10,
        9
      ]
    ],
    "-1768332928": [
      16,
      [
        13,
        14
      ]
    ],
    "-1765169397": [
      14,
      [
        7,
        8,
        9
      ]
    ],
    "-1762055037": [
      0,
      []
    ],
    "-1759373858": [
      14,
      [
        7,
        10,
        8,
        9
      ]
    ],
    "-1733378794": [
      14,
      [
        9
      ]
    ],
    "-1732077615": [
      14,
      [
        7,
        10,
        8,
        9
      ]
    ],
    "-1667371342": [
      14,
      [
        7,
        10,
        8,
        9
      ]
    ],
    "-1658648025": [
      7,
      []
    ],
    "-1653161141": [
      14,
      [
        10,
        9,
        7,
        8
      ]
    ],
    "-1649404339": [
      14,
      [
        7,
        8,
        9
      ]
    ],
    "-1596274031": [
      14,
      [
        7,
        10,
        8,
        9
      ]
    ],
    "-1588117448": [
      14,
      [
        7,
        10,
        9
      ]
    ],
    "-1584716887": [
      8,
      [
        1
      ]
    ],
    "-1581068547": [
      9,
      [
        1
      ]
    ],
    "-1573396209": [
      14,
      [
        10,
        8,
        9
      ]
    ],
    "-1573378177": [
      0,
      []
    ],
    "-1572456520": [
      4,
      [
        1,
        2
      ]
    ],
    "-1570559707": [
      14,
      [
        9
      ]
    ],
    "-1569961318": [
      14,
      [
        7,
        8,
        9
      ]
    ],
    "-1558149670": [
      9,
      [
        1
      ]
    ],
    "-1546355038": [
      14,
      [
        7,
        10,
        9
      ]
    ],
    "-1501267890": [
      14,
      [
        9
      ]
    ],
    "-1487321546": [
      14,
      [
        7,
        9
      ]
    ],
    "-1480883501": [
      17,
      []
    ],
    "-1460291585": [
      14,
      [
        7,
        10,
        8,
        9
      ]
    ],
    "-1421682937": [
      6,
      [
        4
      ]
    ],
    "-1378321737": [
      0,
      []
    ],
    "-1375332712": [
      3,
      []
    ],
    "-1366827641": [
      14,
      [
        10,
        9
      ]
    ],
    "-1360891951": [
      14,
      [
        9
      ]
    ],
    "-1355702134": [
      14,
      [
        9
      ]
    ],
    "-1344125200": [
      19,
      []
    ],
    "-1316605725": [
      14,
      [
        10,
        9
      ]
    ],
    "-1314028173": [
      7,
      []
    ],
    "-1306376469": [
      14,
      [
        9
      ]
    ],
    "-1302733038": [
      14,
      [
        9,
        7,
        10,
        8
      ]
    ],
    "-1297803386": [
      14,
      [
        7,
        10,
        8,
        9
      ]
    ],
    "-1292443582": [
      14,
      [
        7,
        10,
        8,
        9
      ]
    ],
    "-1289526961": [
      14,
      [
        10,
        9
      ]
    ],
    "-1286521731": [
      11,
      [
        5,
        6
      ]
    ],
    "-1280272187": [
      14,
      [
        9
      ]
    ],
    "-1254837802": [
      14,
      [
        7,
        10,
        9
      ]
    ],
    "-1249358166": [
      0,
      []
    ],
    "-1236718457": [
      11,
      [
        5,
        6
      ]
    ],
    "-1233865620": [
      14,
      [
        7,
        10,
        9
      ]
    ],
    "-1225218219": [
      14,
      [
        7,
        10,
        9
      ]
    ],
    "-1215204271": [
      14,
      [
        10,
        8,
        9
      ]
    ],
    "-1211293414": [
      8,
      [
        1
      ]
    ],
    "-1205680351": [
      8,
      [
        1
      ]
    ],
    "-1190999988": [
      14,
      [
        7,
        10,
        8,
        9
      ]
    ],
    "-1166461989": [
      14,
      [
        7,
        8,
        9
      ]
    ],
    "-1158159298": [
      7,
      []
    ],
    "-1155607527": [
      1,
      []
    ],
    "-1151973697": [
      14,
      [
        7,
        8,
        9
      ]
    ],
    "-1143588463": [
      1,
      []
    ],
    "-1136062968": [
      14,
      [
        9
      ]
    ],
    "-1121244333": [
      7,
      []
    ],
    "-1112586114": [
      14,
      [
        7,
        8,
        9
      ]
    ],
    "-1099221785": [
      16,
      [
        13,
        14
      ]
    ],
    "-1058827628": [
      9,
      [
        1
      ]
    ],
    "-1053913899": [
      14,
      [
        10,
        8,
        9
      ]
    ],
    "-1030073938": [
      8,
      [
        1
      ]
    ],
    "-996815567": [
      14,
      [
        10,
        9,
        7,
        8
      ]
    ],
    "-979258346": [
      14,
      [
        10,
        8,
        9
      ]
    ],
    "-962752594": [
      8,
      [
        1
      ]
    ],
    "-959076181": [
      15,
      [
        12
      ]
    ],
    "-934189198": [
      0,
      []
    ],
    "-914341521": [
      17,
      [
        15
      ]
    ],
    "-877660678": [
      14,
      [
        10,
        9
      ]
    ],
    "-876066071": [
      9,
      [
        1
      ]
    ],
    "-850795538": [
      9,
      [
        1
      ]
    ],
    "-848721007": [
      15,
      [
        11,
        12
      ]
    ],
    "-845963946": [
      16,
      [
        13,
        14
      ]
    ],
    "-761029898": [
      15,
      [
        12
      ]
    ],
    "-736705005": [
      14,
      [
        10,
        9
      ]
    ],
    "-728951563": [
      14,
      [
        9
      ]
    ],
    "-725407285": [
      15,
      [
        11,
        12
      ]
    ],
    "-720516118": [
      2,
      []
    ],
    "-689162000": [
      0,
      []
    ],
    "-672755940": [
      8,
      [
        1
      ]
    ],
    "-663920439": [
      14,
      [
        7,
        10,
        8,
        9
      ]
    ],
    "-637374445": [
      14,
      [
        7,
        10,
        8,
        9
      ]
    ],
    "-629226687": [
      14,
      [
        10,
        8,
        9
      ]
    ],
    "-628650345": [
      8,
      [
        1,
        1
      ]
    ],
    "-618616852": [
      14,
      [
        7,
        10,
        8,
        9
      ]
    ],
    "-603528266": [
      8,
      [
        1
      ]
    ],
    "-600654229": [
      14,
      [
        9
      ]
    ],
    "-591441942": [
      0,
      []
    ],
    "-582524946": [
      2,
      []
    ],
    "-569276436": [
      14,
      [
        7,
        10,
        8,
        9
      ]
    ],
    "-560059179": [
      14,
      [
        7,
        8,
        9
      ]
    ],
    "-557327763": [
      14,
      [
        7,
        10,
        9
      ]
    ],
    "-554740745": [
      4,
      [
        1,
        3
      ]
    ],
    "-551670761": [
      2,
      []
    ],
    "-534153470": [
      14,
      [
        7,
        10,
        8,
        9
      ]
    ],
    "-507372805": [
      14,
      [
        7,
        10,
        8,
        9
      ]
    ],
    "-492264928": [
      14,
      [
        10,
        8,
        9
      ]
    ],
    "-477983005": [
      1,
      []
    ],
    "-443628979": [
      13,
      [
        5,
        6
      ]
    ],
    "-423676963": [
      15,
      [
        11,
        12
      ]
    ],
    "-419905034": [
      14,
      [
        10,
        8,
        9
      ]
    ],
    "-408739232": [
      18,
      [
        16
      ]
    ],
    "-394511982": [
      8,
      [
        1
      ]
    ],
    "-381805077": [
      9,
      [
        1
      ]
    ],
    "-379546090": [
      14,
      [
        9
      ]
    ],
    "-350740683": [
      2,
      []
    ],
    "-337674297": [
      7,
      []
    ],
    "-329961409": [
      0,
      []
    ],
    "-308148363": [
      12,
      [
        5,
        6
      ]
    ],
    "-291331905": [
      14,
      [
        10,
        8,
        9
      ]
    ],
    "-280825251": [
      14,
      [
        7,
        10,
        8,
        9
      ]
    ],
    "-280133615": [
      14,
      [
        7,
        10,
        8,
        9
      ]
    ],
    "-264151746": [
      14,
      [
        10,
        9
      ]
    ],
    "-263329393": [
      6,
      [
        4
      ]
    ],
    "-257658817": [
      14,
      [
        7,
        8,
        9
      ]
    ],
    "-248064573": [
      18,
      [
        16
      ]
    ],
    "-239571260": [
      14,
      [
        10,
        8,
        9
      ]
    ],
    "-234048463": [
      14,
      [
        9
      ]
    ],
    "-224858328": [
      18,
      [
        16
      ]
    ],
    "-215563551": [
      6,
      [
        4
      ]
    ],
    "-192208235": [
      14,
      [
        9
      ]
    ],
    "-182890569": [
      14,
      [
        7,
        10,
        9
      ]
    ],
    "-169992108": [
      1,
      []
    ],
    "-169164333": [
      14,
      [
        9
      ]
    ],
    "-168537285": [
      14,
      [
        10,
        8,
        9
      ]
    ],
    "-164311233": [
      14,
      [
        8,
        10,
        9
      ]
    ],
    "-158506824": [
      14,
      [
        7,
        10,
        9
      ]
    ],
    "-126893838": [
      14,
      [
        9
      ]
    ],
    "-124099326": [
      15,
      [
        11,
        12
      ]
    ],
    "-110620155": [
      0,
      []
    ],
    "-103190032": [
      6,
      [
        4
      ]
    ],
    "-101805320": [
      14,
      [
        7,
        10,
        8,
        9
      ]
    ],
    "-100603599": [
      12,
      [
        5,
        6
      ]
    ],
    "-88777122": [
      18,
      [
        16
      ]
    ],
    "-81986049": [
      14,
      [
        9
      ]
    ],
    "-75635613": [
      1,
      []
    ],
    "-67025565": [
      14,
      [
        10,
        8,
        9
      ]
    ],
    "-45379995": [
      15,
      [
        11,
        12
      ]
    ],
    "-31045224": [
      14,
      [
        9
      ]
    ],
    "-28948649": [
      14,
      [
        9
      ]
    ],
    "-22074412": [
      17,
      [
        15
      ]
    ],
    "6316359": [
      14,
      [
        10,
        7,
        8,
        9
      ]
    ],
    "18639222": [
      19,
      []
    ],
    "20922604": [
      14,
      [
        7,
        8,
        9
      ]
    ],
    "30115878": [
      14,
      [
        7,
        10,
        8,
        9
      ]
    ],
    "54445393": [
      7,
      []
    ],
    "62030901": [
      14,
      [
        7,
        9
      ]
    ],
    "65542651": [
      14,
      [
        7,
        8,
        9,
        10
      ]
    ],
    "87173042": [
      14,
      [
        7,
        10,
        9
      ]
    ],
    "92714531": [
      12,
      [
        5,
        6
      ]
    ],
    "93515551": [
      11,
      [
        5,
        6
      ]
    ],
    "96902777": [
      14,
      [
        7,
        10,
        9
      ]
    ],
    "105339228": [
      6,
      [
        4
      ]
    ],
    "110589811": [
      14,
      [
        7,
        10,
        9
      ]
    ],
    "111370470": [
      14,
      [
        10,
        8,
        9
      ]
    ],
    "121420460": [
      17,
      [
        15
      ]
    ],
    "128352864": [
      14,
      [
        7,
        8,
        9
      ]
    ],
    "141408258": [
      14,
      [
        10,
        8,
        9
      ]
    ],
    "156257494": [
      6,
      [
        4
      ]
    ],
    "160139694": [
      14,
      [
        10,
        9
      ]
    ],
    "170558294": [
      14,
      [
        10,
        8,
        9,
        7,
        8,
        9
      ]
    ],
    "219444885": [
      14,
      [
        7,
        10,
        9
      ]
    ],
    "264965652": [
      14,
      [
        7,
        10,
        8,
        9
      ]
    ],
    "266693348": [
      14,
      [
        10,
        9
      ]
    ],
    "268877883": [
      13,
      [
        5,
        6
      ]
    ],
    "270671036": [
      17,
      []
    ],
    "305765247": [
      14,
      [
        10,
        7,
        8,
        9
      ]
    ],
    "307416215": [
      8,
      [
        1,
        1,
        1
      ]
    ],
    "318830416": [
      14,
      [
        7,
        9
      ]
    ],
    "355427080": [
      14,
      [
        10,
        9
      ]
    ],
    "366413340": [
      14,
      [
        7,
        10,
        8,
        9
      ]
    ],
    "370335333": [
      14,
      [
        10,
        8,
        9
      ]
    ],
    "412761670": [
      14,
      [
        9
      ]
    ],
    "425597375": [
      2,
      []
    ],
    "446262806": [
      17,
      []
    ],
    "490551750": [
      14,
      [
        7,
        10,
        8,
        9
      ]
    ],
    "493479915": [
      14,
      [
        7,
        10,
        9
      ]
    ],
    "497881976": [
      14,
      [
        7,
        9
      ]
    ],
    "503029097": [
      15,
      [
        12,
        11
      ]
    ],
    "518770660": [
      17,
      [
        15
      ]
    ],
    "533114482": [
      14,
      [
        7,
        10,
        8,
        9
      ]
    ],
    "556374610": [
      7,
      []
    ],
    "559734958": [
      14,
      [
        8,
        10,
        9
      ]
    ],
    "561885400": [
      9,
      [
        1
      ]
    ],
    "622771351": [
      16,
      [
        13,
        14
      ]
    ],
    "629693588": [
      9,
      [
        1
      ]
    ],
    "630544304": [
      0,
      []
    ],
    "656282726": [
      14,
      [
        7,
        8,
        9
      ]
    ],
    "657813518": [
      14,
      [
        7,
        10,
        8,
        9
      ]
    ],
    "676672500": [
      5,
      [
        0
      ]
    ],
    "685808433": [
      14,
      [
        7,
        10,
        9
      ]
    ],
    "705280744": [
      16,
      [
        13,
        14
      ]
    ],
    "709529228": [
      1,
      []
    ],
    "710693826": [
      14,
      [
        7,
        8,
        9
      ]
    ],
    "711584490": [
      0,
      []
    ],
    "712135236": [
      14,
      [
        7,
        10,
        8,
        9
      ]
    ],
    "723638360": [
      16,
      [
        13,
        14
      ]
    ],
    "728574807": [
      14,
      [
        7,
        10,
        9
      ]
    ],
    "756168415": [
      8,
      [
        1,
        1,
        1
      ]
    ],
    "766046708": [
      14,
      [
        9
      ]
    ],
    "782209924": [
      2,
      []
    ],
    "783500728": [
      8,
      [
        1
      ]
    ],
    "805416863": [
      14,
      [
        7,
        10,
        8,
        9
      ]
    ],
    "805693381": [
      14,
      [
        9
      ]
    ],
    "816705967": [
      18,
      [
        16
      ]
    ],
    "820119105": [
      14,
      [
        10,
        9,
        7,
        8,
        9
      ]
    ],
    "820749949": [
      14,
      [
        7,
        8,
        9,
        10
      ]
    ],
    "830748889": [
      18,
      [
        16
      ]
    ],
    "848031993": [
      14,
      [
        9
      ]
    ],
    "922227486": [
      14,
      [
        9
      ]
    ],
    "927322675": [
      14,
      [
        10,
        8,
        9
      ]
    ],
    "962252762": [
      9,
      [
        1,
        1
      ]
    ],
    "966250628": [
      14,
      [
        7,
        10,
        8,
        9
      ]
    ],
    "966452461": [
      14,
      [
        7,
        10,
        9
      ]
    ],
    "967377966": [
      14,
      [
        9
      ]
    ],
    "972393001": [
      14,
      [
        9,
        7,
        8
      ]
    ],
    "984431616": [
      14,
      [
        7,
        8,
        9
      ]
    ],
    "1005890990": [
      9,
      [
        1,
        1,
        1
      ]
    ],
    "1013391108": [
      14,
      [
        9
      ]
    ],
    "1026473354": [
      8,
      [
        1
      ]
    ],
    "1047238713": [
      10,
      [
        5,
        6
      ]
    ],
    "1051764769": [
      7,
      []
    ],
    "1054420747": [
      14,
      [
        7,
        8,
        10,
        9
      ]
    ],
    "1060411071": [
      14,
      [
        7,
        8,
        10,
        9
      ]
    ],
    "1090195970": [
      4,
      [
        1,
        3
      ]
    ],
    "1097045459": [
      14,
      [
        10,
        9
      ]
    ],
    "1120668741": [
      14,
      [
        9
      ]
    ],
    "1142653168": [
      17,
      []
    ],
    "1150118101": [
      15,
      [
        11,
        12
      ]
    ],
    "1161215355": [
      18,
      [
        16
      ]
    ],
    "1163406320": [
      14,
      [
        7,
        10,
        8,
        9
      ]
    ],
    "1164906629": [
      8,
      [
        1
      ]
    ],
    "1165898553": [
      14,
      [
        7,
        10,
        8,
        9
      ]
    ],
    "1167677017": [
      14,
      [
        7,
        10,
        8,
        9
      ]
    ],
    "1181097785": [
      18,
      [
        16
      ]
    ],
    "1181929111": [
      14,
      [
        10,
        8,
        9,
        7
      ]
    ],
    "1185159581": [
      16,
      [
        13,
        14
      ]
    ],
    "1220052816": [
      14,
      [
        10,
        10,
        9
      ]
    ],
    "1221524352": [
      9,
      [
        1
      ]
    ],
    "1236398724": [
      14,
      [
        9
      ]
    ],
    "1237788985": [
      14,
      [
        7,
        10,
        8,
        9
      ]
    ],
    "1249122977": [
      9,
      [
        1
      ]
    ],
    "1251976439": [
      14,
      [
        7,
        8,
        10,
        9
      ]
    ],
    "1252436001": [
      14,
      [
        7,
        8,
        9
      ]
    ],
    "1264256438": [
      16,
      [
        13,
        14
      ]
    ],
    "1284022510": [
      3,
      [
        0
      ]
    ],
    "1285033938": [
      14,
      [
        7,
        10,
        9
      ]
    ],
    "1285558839": [
      18,
      [
        16
      ]
    ],
    "1293316194": [
      14,
      [
        7,
        8,
        9
      ]
    ],
    "1355221121": [
      19,
      []
    ],
    "1373881589": [
      14,
      [
        7,
        10,
        9
      ]
    ],
    "1374302959": [
      14,
      [
        8,
        9
      ]
    ],
    "1386968378": [
      15,
      [
        11,
        12
      ]
    ],
    "1395449826": [
      14,
      [
        9
      ]
    ],
    "1398137123": [
      14,
      [
        9
      ]
    ],
    "1416352714": [
      14,
      [
        7,
        10,
        8,
        9
      ]
    ],
    "1460368643": [
      0,
      []
    ],
    "1467686137": [
      4,
      [
        1,
        2,
        3
      ]
    ],
    "1469043585": [
      14,
      [
        7,
        10,
        8,
        9
      ]
    ],
    "1479640395": [
      14,
      [
        7,
        10,
        8,
        9
      ]
    ],
    "1494651972": [
      13,
      [
        5,
        6
      ]
    ],
    "1529532057": [
      14,
      [
        9
      ]
    ],
    "1531354385": [
      14,
      [
        7,
        10,
        8,
        9
      ]
    ],
    "1536882576": [
      14,
      [
        9,
        10,
        8
      ]
    ],
    "1548667423": [
      14,
      [
        7,
        10,
        8,
        9
      ]
    ],
    "1583879554": [
      14,
      [
        7,
        8,
        9
      ]
    ],
    "1593930038": [
      2,
      []
    ],
    "1598762905": [
      19,
      []
    ],
    "1627525391": [
      10,
      [
        5,
        6
      ]
    ],
    "1630221106": [
      14,
      [
        7,
        8,
        9
      ]
    ],
    "1635958424": [
      14,
      [
        7,
        9
      ]
    ],
    "1658353834": [
      14,
      [
        7,
        10,
        8,
        9
      ]
    ],
    "1666319237": [
      14,
      [
        7,
        10,
        8,
        9
      ]
    ],
    "1684546397": [
      17,
      []
    ],
    "1688155168": [
      14,
      [
        7,
        10,
        9
      ]
    ],
    "1694600429": [
      9,
      [
        1
      ]
    ],
    "1694628727": [
      1,
      []
    ],
    "1702511219": [
      14,
      [
        7,
        10,
        8,
        9
      ]
    ],
    "1769707361": [
      14,
      [
        10,
        9
      ]
    ],
    "1783336787": [
      14,
      [
        9
      ]
    ],
    "1784741573": [
      16,
      [
        13,
        14
      ]
    ],
    "1784785813": [
      1,
      []
    ],
    "1801439998": [
      14,
      [
        9
      ]
    ],
    "1802787651": [
      17,
      [
        15
      ]
    ],
    "1804507039": [
      14,
      [
        7,
        10,
        8,
        9
      ]
    ],
    "1810952294": [
      14,
      [
        7,
        10,
        9
      ]
    ],
    "1817791364": [
      4,
      [
        1,
        2
      ]
    ],
    "1823890334": [
      18,
      [
        16
      ]
    ],
    "1834202515": [
      14,
      [
        7,
        10,
        9
      ]
    ],
    "1856006873": [
      14,
      [
        7,
        10,
        8,
        9
      ]
    ],
    "1870327141": [
      17,
      []
    ],
    "1886589900": [
      14,
      [
        7,
        10,
        8,
        9
      ]
    ],
    "1903666783": [
      16,
      [
        13,
        14
      ]
    ],
    "1912544177": [
      14,
      [
        7,
        10,
        9
      ]
    ],
    "1915136273": [
      19,
      []
    ],
    "1915221625": [
      14,
      [
        7,
        10,
        9
      ]
    ],
    "1946987725": [
      14,
      [
        9,
        10,
        8
      ]
    ],
    "1955801215": [
      14,
      [
        7,
        8,
        9
      ]
    ],
    "1970667787": [
      14,
      [
        7,
        9
      ]
    ],
    "2020846600": [
      14,
      [
        7,
        10,
        8,
        9
      ]
    ],
    "2021562738": [
      13,
      [
        5,
        6
      ]
    ],
    "2039617237": [
      14,
      [
        7,
        10,
        9
      ]
    ],
    "2040232603": [
      1,
      []
    ],
    "2053899698": [
      7,
      []
    ],
    "2064877435": [
      15,
      [
        11,
        12
      ]
    ],
    "2067955091": [
      14,
      [
        7,
        10,
        9
      ]
    ],
    "2073930105": [
      14,
      [
        10,
        8,
        9
      ]
    ],
    "2074429564": [
      14,
      [
        9
      ]
    ],
    "2080453651": [
      15,
      [
        12
      ]
    ],
    "2094368378": [
      6,
      [
        4
      ]
    ],
    "2098048716": [
      14,
      [
        10,
        8,
        9
      ]
    ],
    "2099390835": [
      14,
      [
        10,
        9
      ]
    ],
    "2118923187": [
      9,
      [
        1,
        1,
        1
      ]
    ],
    "2129624539": [
      14,
      [
        9
      ]
    ]
  },
  "slots_names": [
    "cover",
    "name",
    "color",
    "brightness",
    "item",
    "firstTerm",
    "secondTerm",
    "quantity",
    "unit",
    "food",
    "literal_quantity",
    "quantity_literal",
    "feeling",
    "timeSlot",
    "placeSlot",
    "Ordinal",
    "Time"
  ],
  "stop_words_whitelist": {
    "mika:GetDifference": [
      "a",
      "an"
    ],
    "mika:GetProduct": [
      "a",
      "an"
    ],
    "mika:GetQuotient": [
      "a",
      "an"
    ],
    "mika:GetSum": [
      "a",
      "an"
    ],
    "randhindi:FoodTracker": [
      "a",
      "an",
      "some"
    ],
    "randhindi:MoodTracker": [
      "some",
      "very"
    ]
  }
}