{
  "id" : "proj_dXvBXVmgEdv",
  "name" : "Sophia_EN",
  "intents" : [ {
    "id" : "weathon:CreatAlarm",
    "type" : "registry",
    "version" : "1.0.0",
    "language" : "en",
    "slots" : [ {
      "name" : "Time",
      "id" : "IH17C_KlD",
      "entityId" : "snips/datetime",
      "missingQuestion" : "",
      "required" : false,
      "description" : "Time"
    } ],
    "name" : "CreatAlarm",
    "enabledByDefault" : true
  }, {
    "id" : "weathon:CancelAlarm",
    "type" : "registry",
    "version" : "1.0.0",
    "language" : "en",
    "slots" : [ {
      "name" : "Ordinal",
      "id" : "YzAbGVp1Q",
      "entityId" : "snips/ordinal",
      "missingQuestion" : "",
      "required" : false
    } ],
    "name" : "CancelAlarm",
    "enabledByDefault" : true
  }, {
    "id" : "weathon:ListAlarm",
    "type" : "registry",
    "version" : "1.0.0",
    "language" : "en",
    "slots" : [ ],
    "name" : "ListAlarm",
    "enabledByDefault" : true
  }, {
    "id" : "mika:GetProduct",
    "type" : "registry",
    "version" : "2.0.0",
    "language" : "en",
    "slots" : [ {
      "name" : "firstTerm",
      "id" : "rklpryGkM",
      "entityId" : "snips/number",
      "missingQuestion" : "",
      "required" : false
    }, {
      "name" : "secondTerm",
      "id" : "SyvaBJMyG",
      "entityId" : "snips/number",
      "missingQuestion" : "",
      "required" : false
    } ],
    "name" : "GetProduct",
    "enabledByDefault" : true
  }, {
    "id" : "mika:GetQuotient",
    "type" : "registry",
    "version" : "1.0.0",
    "language" : "en",
    "slots" : [ {
      "name" : "firstTerm",
      "id" : "r1ImI1G1M",
      "entityId" : "snips/number",
      "missingQuestion" : "",
      "required" : false
    }, {
      "name" : "secondTerm",
      "id" : "H1omLyzJf",
      "entityId" : "snips/number",
      "missingQuestion" : "",
      "required" : false
    } ],
    "name" : "GetQuotient",
    "enabledByDefault" : true
  }, {
    "id" : "mika:GetDifference",
    "type" : "registry",
    "version" : "1.0.0",
    "language" : "en",
    "slots" : [ {
      "name" : "firstTerm",
      "id" : "BkHLHkMyz",
      "entityId" : "snips/number",
      "missingQuestion" : "",
      "required" : false
    }, {
      "name" : "secondTerm",
      "id" : "Hk6IBkGJz",
      "entityId" : "snips/number",
      "missingQuestion" : "",
      "required" : false
    } ],
    "name" : "GetDifference",
    "enabledByDefault" : true
  }, {
    "id" : "mika:GetSum",
    "type" : "registry",
    "version" : "1.0.0",
    "language" : "en",
    "slots" : [ {
      "name" : "firstTerm",
      "id" : "SkR3EkG1G",
      "entityId" : "snips/number",
      "missingQuestion" : "",
      "required" : false
    }, {
      "name" : "secondTerm",
      "id" : "H1ZREJzJG",
      "entityId" : "snips/number",
      "missingQuestion" : "",
      "required" : false
    } ],
    "name" : "GetSum",
    "enabledByDefault" : true
  }, {
    "id" : "hass:HassOpenCover",
    "type" : "registry",
    "version" : "107.0.0",
    "language" : "en",
    "slots" : [ {
      "name" : "cover",
      "id" : "SyT4Doqtz",
      "entityId" : "entity_pyG7YeovGGG",
      "missingQuestion" : "",
      "required" : false
    } ],
    "name" : "HassOpenCover",
    "enabledByDefault" : true
  }, {
    "id" : "hass:HassCloseCover",
    "type" : "registry",
    "version" : "95.0.0",
    "language" : "en",
    "slots" : [ {
      "name" : "cover",
      "id" : "HJgews5FM",
      "entityId" : "entity_pyG7YeovGGG",
      "missingQuestion" : "",
      "required" : false
    } ],
    "name" : "HassCloseCover",
    "enabledByDefault" : true
  }, {
    "id" : "hass:HassShoppingListLastItems",
    "type" : "registry",
    "version" : "7.0.0",
    "language" : "en",
    "slots" : [ ],
    "name" : "HassShoppingListLastItems",
    "enabledByDefault" : true
  }, {
    "id" : "hass:HassLightSet",
    "type" : "registry",
    "version" : "33.0.0",
    "language" : "en",
    "slots" : [ {
      "name" : "color",
      "id" : "SkX0kyDKG",
      "entityId" : "entity_5AX3eGqn18w",
      "missingQuestion" : "",
      "required" : false
    }, {
      "name" : "brightness",
      "id" : "S1dGe1vYG",
      "entityId" : "snips/percentage",
      "missingQuestion" : "",
      "required" : false
    }, {
      "name" : "name",
      "id" : "rkB3xmTqFM",
      "entityId" : "entity_gpMyZobQmmA",
      "missingQuestion" : "",
      "required" : false
    } ],
    "name" : "HassLightSet",
    "enabledByDefault" : true
  }, {
    "id" : "hass:HassTurnOn",
    "type" : "registry",
    "version" : "116.0.0",
    "language" : "en",
    "slots" : [ {
      "name" : "name",
      "id" : "SkZhkhCNG",
      "entityId" : "entity_v30wEMAAm7q",
      "missingQuestion" : "",
      "required" : false
    } ],
    "name" : "HassTurnOn",
    "enabledByDefault" : true
  }, {
    "id" : "hass:HassTurnOff",
    "type" : "registry",
    "version" : "116.0.0",
    "language" : "en",
    "slots" : [ {
      "name" : "name",
      "id" : "Hy3BVSbHM",
      "entityId" : "entity_v30wEMAAm7q",
      "missingQuestion" : "",
      "required" : false
    } ],
    "name" : "HassTurnOff",
    "enabledByDefault" : true
  }, {
    "id" : "hass:HassShoppingListAddItem",
    "type" : "registry",
    "version" : "17.0.0",
    "language" : "en",
    "slots" : [ {
      "name" : "item",
      "id" : "SkAhx2RNf",
      "entityId" : "entity_r536GD83KAE",
      "missingQuestion" : "",
      "required" : false
    } ],
    "name" : "HassShoppingListAddItem",
    "enabledByDefault" : true
  }, {
    "id" : "randhindi:FoodTracker",
    "type" : "registry",
    "version" : "1.0.0",
    "language" : "en",
    "slots" : [ {
      "name" : "food",
      "id" : "H1ZY98K1G",
      "entityId" : "entity_Egg1KYrpgy0",
      "missingQuestion" : "What did you eat?",
      "required" : true,
      "description" : "The food (dish, ingredient or whatever) that was eaten"
    }, {
      "name" : "quantity",
      "id" : "SJugFIhlf",
      "entityId" : "snips/number",
      "missingQuestion" : "",
      "required" : false,
      "description" : "The quantity of units of food that was eaten (can be combined with the literal_quantity slot)"
    }, {
      "name" : "literal_quantity",
      "id" : "H1RqVP3xz",
      "entityId" : "entity_ew3X7gEgdXe",
      "missingQuestion" : "",
      "required" : false,
      "description" : "The approximate quantity of units of food that was eaten (can be combined with the quantity slot)"
    }, {
      "name" : "unit",
      "id" : "HkBGHvneM",
      "entityId" : "entity_oQWNb2AXyvP",
      "missingQuestion" : "",
      "required" : false,
      "description" : "The unit that goes with the quantity of food to track"
    } ],
    "name" : "FoodTracker",
    "enabledByDefault" : true
  }, {
    "id" : "randhindi:MoodTracker",
    "type" : "registry",
    "version" : "4.0.0",
    "language" : "en",
    "slots" : [ {
      "name" : "feeling",
      "id" : "ryUTMsnxz",
      "entityId" : "entity_B00ebGyxBEZ",
      "missingQuestion" : "How are you feeling?",
      "required" : true,
      "description" : "The feeling being felt"
    }, {
      "name" : "quantity_literal",
      "id" : "Bk2DronxM",
      "entityId" : "entity_wnnwd54d5NQ",
      "missingQuestion" : "",
      "required" : false,
      "description" : "How much the feeling is felt"
    } ],
    "name" : "MoodTracker",
    "enabledByDefault" : true
  }, {
    "id" : "Psychokiller1888:getDay",
    "type" : "registry",
    "version" : "2.0.0",
    "language" : "en",
    "slots" : [ ],
    "name" : "getDay",
    "enabledByDefault" : true
  }, {
    "id" : "Psychokiller1888:getDate",
    "type" : "registry",
    "version" : "4.0.0",
    "language" : "en",
    "slots" : [ ],
    "name" : "getDate",
    "enabledByDefault" : true
  }, {
    "id" : "Psychokiller1888:getTime",
    "type" : "registry",
    "version" : "3.0.0",
    "language" : "en",
    "slots" : [ ],
    "name" : "getTime",
    "enabledByDefault" : true
  }, {
    "id" : "sergenes:tellTheWorldTime",
    "type" : "registry",
    "version" : "1.0.0",
    "language" : "en",
    "slots" : [ {
      "name" : "placeSlot",
      "id" : "ByXqWL2-X",
      "entityId" : "entity_0Na0gYmdv2Qz",
      "missingQuestion" : "",
      "required" : false
    }, {
      "name" : "timeSlot",
      "id" : "HyZEf8nWm",
      "entityId" : "entity_BlM1mB3kNn2o",
      "missingQuestion" : "",
      "required" : false
    } ],
    "name" : "tellTheWorldTime",
    "enabledByDefault" : true
  } ],
  "createdAt" : "2019-10-12T14:02:57.778Z",
  "language" : "en",
  "version" : {
    "nluModel" : "0.20.1"
  },
  "platform" : {
    "type" : "raspberrypi"
  },
  "asr" : {
    "type" : "snips"
  },
  "analyticsEnabled" : false,
  "heartbeatEnabled" : false,
  "hotword" : "hey_snips"
}