{
    "snips/ordinal": {
        "vanilla": "036360e2-f920-4c3e-9509-901edfcffd98.vanilla", 
        "ngram": false, 
        "added": "036360e2-f920-4c3e-9509-901edfcffd98.added", 
        "pruningThresholds": [], 
        "order": 0
    }, 
    "scale_literal": {
        "vanilla": "595beca0-58e4-4850-97de-8d0ae9e04fcc.vanilla", 
        "ngram": true, 
        "added": "595beca0-58e4-4850-97de-8d0ae9e04fcc.added", 
        "pruningThresholds": [], 
        "order": 3
    }, 
    "quantity_literal": {
        "vanilla": "493587b1-06d3-4e2e-bfcc-81a26a8471ef.vanilla", 
        "ngram": true, 
        "added": "493587b1-06d3-4e2e-bfcc-81a26a8471ef.added", 
        "pruningThresholds": [], 
        "order": 3
    }, 
    "color": {
        "vanilla": "df4b4965-3e49-44b1-888b-6cb185e2abe6.vanilla", 
        "ngram": true, 
        "added": "df4b4965-3e49-44b1-888b-6cb185e2abe6.added", 
        "pruningThresholds": [], 
        "order": 3
    }, 
    "light": {
        "vanilla": "9252f8fd-a891-47ad-a6f4-d2b587ce1d22.vanilla", 
        "ngram": true, 
        "added": "9252f8fd-a891-47ad-a6f4-d2b587ce1d22.added", 
        "pruningThresholds": [], 
        "order": 3
    }, 
    "shopping_items": {
        "vanilla": "3b1214e0-23be-49eb-ba34-b6410347f45c.vanilla", 
        "ngram": true, 
        "added": "3b1214e0-23be-49eb-ba34-b6410347f45c.added", 
        "pruningThresholds": [], 
        "order": 3
    }, 
    "snips/number": {
        "vanilla": "84d36855-c7a4-40ad-a155-51f5cda2fb22.vanilla", 
        "ngram": false, 
        "added": "84d36855-c7a4-40ad-a155-51f5cda2fb22.added", 
        "pruningThresholds": [], 
        "order": 0
    }, 
    "food_unit": {
        "vanilla": "c6251a93-c0b8-4b72-b8e2-91873e486de1.vanilla", 
        "ngram": true, 
        "added": "c6251a93-c0b8-4b72-b8e2-91873e486de1.added", 
        "pruningThresholds": [], 
        "order": 3
    }, 
    "food": {
        "vanilla": "bb806d2f-dae8-4fda-9480-f8c0a8d9227b.vanilla", 
        "ngram": true, 
        "added": "bb806d2f-dae8-4fda-9480-f8c0a8d9227b.added", 
        "pruningThresholds": [], 
        "order": 3
    }, 
    "snips/percentage": {
        "vanilla": "3e3dae67-1521-44b2-8824-b77e1b509dbd.vanilla", 
        "ngram": false, 
        "added": "3e3dae67-1521-44b2-8824-b77e1b509dbd.added", 
        "pruningThresholds": [], 
        "order": 0
    }, 
    "hass_cover": {
        "vanilla": "a9bfd62d-efe0-4a41-b31b-d070604918fd.vanilla", 
        "ngram": true, 
        "added": "a9bfd62d-efe0-4a41-b31b-d070604918fd.added", 
        "pruningThresholds": [], 
        "order": 3
    }, 
    "locality": {
        "vanilla": "fd1ccbef-ab07-4fc5-bb6d-7d863047dace.vanilla", 
        "ngram": true, 
        "added": "fd1ccbef-ab07-4fc5-bb6d-7d863047dace.added", 
        "pruningThresholds": [], 
        "order": 3
    }, 
    "timeSlot": {
        "vanilla": "3ae5edc5-d398-4406-90a3-7902c374647c.vanilla", 
        "ngram": true, 
        "added": "3ae5edc5-d398-4406-90a3-7902c374647c.added", 
        "pruningThresholds": [], 
        "order": 3
    }, 
    "hass_entity": {
        "vanilla": "a934a8e7-24c4-48a1-bb31-cfd89ced10b2.vanilla", 
        "ngram": true, 
        "added": "a934a8e7-24c4-48a1-bb31-cfd89ced10b2.added", 
        "pruningThresholds": [], 
        "order": 3
    }, 
    "feeling": {
        "vanilla": "b5f8f0c5-6f38-455c-a00b-4d6509456695.vanilla", 
        "ngram": true, 
        "added": "b5f8f0c5-6f38-455c-a00b-4d6509456695.added", 
        "pruningThresholds": [], 
        "order": 3
    }, 
    "snips/datetime": {
        "vanilla": "464ecddd-9e36-48fc-8c03-35c0acdb2b05.vanilla", 
        "ngram": false, 
        "added": "464ecddd-9e36-48fc-8c03-35c0acdb2b05.added", 
        "pruningThresholds": [], 
        "order": 0
    }
}