{
  "parsers_metadata": [
    {
      "entity_identifier": "article",
      "entity_parser": "parser_1"
    },
    {
      "entity_identifier": "color",
      "entity_parser": "parser_2"
    },
    {
      "entity_identifier": "hass_cover",
      "entity_parser": "parser_3"
    },
    {
      "entity_identifier": "hass_entity",
      "entity_parser": "parser_4"
    },
    {
      "entity_identifier": "hass_light",
      "entity_parser": "parser_5"
    },
    {
      "entity_identifier": "item",
      "entity_parser": "parser_6"
    },
    {
      "entity_identifier": "item_random",
      "entity_parser": "parser_7"
    }
  ]
}