{
    "hass_light": {
        "vanilla": "6cc1c9fd-6519-4a41-a829-0cea69f5ac7a.vanilla", 
        "ngram": true, 
        "added": "6cc1c9fd-6519-4a41-a829-0cea69f5ac7a.added", 
        "pruningThresholds": [], 
        "order": 3
    }, 
    "item_random": {
        "vanilla": "89d03758-844e-4bd3-a740-bb9ff05d9ae8.vanilla", 
        "ngram": true, 
        "added": "89d03758-844e-4bd3-a740-bb9ff05d9ae8.added", 
        "pruningThresholds": [], 
        "order": 3
    }, 
    "color": {
        "vanilla": "eb5587c0-358f-4998-bb8b-a0e8a12fa025.vanilla", 
        "ngram": true, 
        "added": "eb5587c0-358f-4998-bb8b-a0e8a12fa025.added", 
        "pruningThresholds": [], 
        "order": 3
    }, 
    "hass_cover": {
        "vanilla": "3e9a7b58-734f-4dd6-810c-24d52653b746.vanilla", 
        "ngram": true, 
        "added": "3e9a7b58-734f-4dd6-810c-24d52653b746.added", 
        "pruningThresholds": [], 
        "order": 3
    }, 
    "snips/number": {
        "vanilla": "e7d0905b-467a-4564-b7c9-d3d9dccb0ee6.vanilla", 
        "ngram": false, 
        "added": "e7d0905b-467a-4564-b7c9-d3d9dccb0ee6.added", 
        "pruningThresholds": [], 
        "order": 0
    }, 
    "item": {
        "vanilla": "81683d6d-72fc-4c41-bcd4-0a7bbf29bbab.vanilla", 
        "ngram": true, 
        "added": "81683d6d-72fc-4c41-bcd4-0a7bbf29bbab.added", 
        "pruningThresholds": [], 
        "order": 3
    }, 
    "snips/percentage": {
        "vanilla": "711178b1-6e56-4fec-a42c-01804bb3936b.vanilla", 
        "ngram": false, 
        "added": "711178b1-6e56-4fec-a42c-01804bb3936b.added", 
        "pruningThresholds": [], 
        "order": 0
    }, 
    "hass_entity": {
        "vanilla": "6e8795b1-fc39-4fb8-ba0b-a99bea2a4557.vanilla", 
        "ngram": true, 
        "added": "6e8795b1-fc39-4fb8-ba0b-a99bea2a4557.added", 
        "pruningThresholds": [], 
        "order": 3
    }, 
    "article": {
        "vanilla": "46755a6d-6d3c-438f-81bc-7dbabed48ca4.vanilla", 
        "ngram": true, 
        "added": "46755a6d-6d3c-438f-81bc-7dbabed48ca4.added", 
        "pruningThresholds": [], 
        "order": 3
    }
}