{
  "config": {
    "ignore_stop_words": true,
    "unit_name": "lookup_intent_parser"
  },
  "entity_scopes": [
    {
      "entity_scope": {
        "builtin": [],
        "custom": [
          "article"
        ]
      },
      "intent_group": [
        "Tealque:searchWikipedia"
      ]
    },
    {
      "entity_scope": {
        "builtin": [],
        "custom": [
          "item_random"
        ]
      },
      "intent_group": [
        "dbddv01:choisirNombre"
      ]
    },
    {
      "entity_scope": {
        "builtin": [
          "snips/number"
        ],
        "custom": []
      },
      "intent_group": [
        "dbddv01:getAddition",
        "dbddv01:getDivision",
        "dbddv01:getMultiplication",
        "dbddv01:getSoustraction"
      ]
    },
    {
      "entity_scope": {
        "builtin": [],
        "custom": [
          "hass_cover"
        ]
      },
      "intent_group": [
        "hass:HassCloseCover",
        "hass:HassOpenCover"
      ]
    },
    {
      "entity_scope": {
        "builtin": [
          "snips/percentage"
        ],
        "custom": [
          "color",
          "hass_light"
        ]
      },
      "intent_group": [
        "hass:HassLightSet"
      ]
    },
    {
      "entity_scope": {
        "builtin": [],
        "custom": [
          "item"
        ]
      },
      "intent_group": [
        "hass:HassShoppingListAddItem"
      ]
    },
    {
      "entity_scope": {
        "builtin": [],
        "custom": []
      },
      "intent_group": [
        "hass:HassShoppingListLastItems"
      ]
    },
    {
      "entity_scope": {
        "builtin": [],
        "custom": [
          "hass_entity"
        ]
      },
      "intent_group": [
        "hass:HassTurnOff",
        "hass:HassTurnOn"
      ]
    }
  ],
  "intents_names": [
    "Tealque:searchWikipedia",
    "dbddv01:choisirNombre",
    "dbddv01:getAddition",
    "dbddv01:getDivision",
    "dbddv01:getMultiplication",
    "dbddv01:getSoustraction",
    "hass:HassCloseCover",
    "hass:HassLightSet",
    "hass:HassOpenCover",
    "hass:HassShoppingListAddItem",
    "hass:HassShoppingListLastItems",
    "hass:HassTurnOff",
    "hass:HassTurnOn"
  ],
  "language_code": "fr",
  "map": {
    "-2136915567": [
      7,
      [
        5,
        7,
        6
      ]
    ],
    "-2101790313": [
      11,
      [
        10
      ]
    ],
    "-2012880457": [
      7,
      [
        5,
        6
      ]
    ],
    "-1764741077": [
      0,
      [
        0
      ]
    ],
    "-1755799571": [
      0,
      [
        0
      ]
    ],
    "-1744261745": [
      4,
      [
        2,
        3
      ]
    ],
    "-1735978993": [
      1,
      [
        1
      ]
    ],
    "-1498294341": [
      5,
      [
        2,
        3
      ]
    ],
    "-1434292544": [
      7,
      [
        5,
        7,
        6
      ]
    ],
    "-1389602304": [
      5,
      [
        2,
        3
      ]
    ],
    "-1375928595": [
      7,
      [
        5,
        6
      ]
    ],
    "-1300302561": [
      0,
      [
        0
      ]
    ],
    "-1285920841": [
      3,
      [
        2,
        3
      ]
    ],
    "-1167821045": [
      4,
      [
        2,
        3
      ]
    ],
    "-1113593913": [
      5,
      [
        2,
        3
      ]
    ],
    "-1090856808": [
      2,
      [
        2,
        3
      ]
    ],
    "-1007019227": [
      7,
      [
        5,
        7,
        6
      ]
    ],
    "-911367603": [
      2,
      [
        2,
        3
      ]
    ],
    "-751646484": [
      0,
      [
        0
      ]
    ],
    "-741591856": [
      0,
      [
        0
      ]
    ],
    "-675737328": [
      0,
      [
        0
      ]
    ],
    "-609700289": [
      1,
      [
        1
      ]
    ],
    "-576303244": [
      1,
      [
        1
      ]
    ],
    "-567302340": [
      2,
      [
        2,
        3
      ]
    ],
    "-541459164": [
      2,
      [
        2,
        3
      ]
    ],
    "-499266572": [
      4,
      [
        2,
        3
      ]
    ],
    "-472867664": [
      12,
      [
        10
      ]
    ],
    "-241809403": [
      5,
      [
        2,
        3
      ]
    ],
    "-217130848": [
      0,
      [
        0
      ]
    ],
    "-178350100": [
      3,
      [
        2,
        3
      ]
    ],
    "-15352560": [
      3,
      [
        2,
        3
      ]
    ],
    "54296139": [
      10,
      []
    ],
    "241918256": [
      0,
      [
        0
      ]
    ],
    "289915567": [
      0,
      [
        0
      ]
    ],
    "420735159": [
      3,
      [
        2,
        3
      ]
    ],
    "575414556": [
      0,
      [
        0
      ]
    ],
    "679433337": [
      1,
      [
        1
      ]
    ],
    "774087730": [
      5,
      [
        3,
        2
      ]
    ],
    "781718176": [
      2,
      [
        2,
        3
      ]
    ],
    "805743376": [
      7,
      [
        5,
        6
      ]
    ],
    "808177916": [
      0,
      [
        0
      ]
    ],
    "861793567": [
      8,
      [
        8
      ]
    ],
    "1088891903": [
      2,
      [
        2,
        3
      ]
    ],
    "1093138220": [
      0,
      [
        0
      ]
    ],
    "1205942396": [
      0,
      [
        0
      ]
    ],
    "1208776428": [
      2,
      [
        2,
        3
      ]
    ],
    "1222483017": [
      5,
      [
        2,
        3
      ]
    ],
    "1246959763": [
      4,
      [
        2,
        3
      ]
    ],
    "1249844732": [
      1,
      [
        1
      ]
    ],
    "1279192871": [
      9,
      [
        9
      ]
    ],
    "1404578142": [
      0,
      [
        0
      ]
    ],
    "1495060465": [
      7,
      [
        5,
        5,
        6
      ]
    ],
    "1569022983": [
      6,
      [
        4
      ]
    ],
    "1736418494": [
      4,
      [
        2,
        3
      ]
    ],
    "1737027789": [
      3,
      [
        2,
        3
      ]
    ],
    "1783276308": [
      7,
      [
        5,
        7,
        6
      ]
    ],
    "1942750088": [
      1,
      [
        1
      ]
    ],
    "1974684512": [
      2,
      [
        2,
        3
      ]
    ],
    "1981027989": [
      6,
      [
        4
      ]
    ],
    "1996890796": [
      1,
      [
        1
      ]
    ],
    "2012775262": [
      0,
      [
        0
      ]
    ],
    "2055611923": [
      0,
      [
        0
      ]
    ],
    "2126737817": [
      0,
      [
        0
      ]
    ]
  },
  "slots_names": [
    "article_indicator",
    "item_random",
    "firstTerm",
    "secondTerm",
    "hass_cover",
    "light",
    "brightness",
    "color",
    "cover",
    "item",
    "name"
  ],
  "stop_words_whitelist": {
    "Tealque:searchWikipedia": [
      "y"
    ],
    "dbddv01:choisirNombre": [
      "de"
    ]
  }
}