{
  "builtin_entity_parser": "builtin_entity_parser",
  "config": {
    "intent_parsers_configs": [
      {
        "ignore_stop_words": true,
        "unit_name": "lookup_intent_parser"
      },
      {
        "intent_classifier_config": {
          "data_augmentation_config": {
            "add_builtin_entities_examples": false,
            "max_unknown_words": 5,
            "min_utterances": 20,
            "noise_factor": 5,
            "unknown_word_prob": 0.5,
            "unknown_words_replacement_string": "unknownword"
          },
          "featurizer_config": {
            "added_cooccurrence_feature_ratio": 0,
            "cooccurrence_vectorizer_config": {
              "filter_stop_words": true,
              "keep_order": true,
              "unit_name": "cooccurrence_vectorizer",
              "unknown_words_replacement_string": "unknownword",
              "window_size": 5
            },
            "pvalue_threshold": 0.4,
            "tfidf_vectorizer_config": {
              "unit_name": "tfidf_vectorizer",
              "use_stemming": true,
              "word_clusters_name": null
            },
            "unit_name": "featurizer"
          },
          "noise_reweight_factor": 1.0,
          "unit_name": "log_reg_intent_classifier"
        },
        "slot_filler_config": {
          "crf_args": {
            "algorithm": "lbfgs",
            "c1": 0.1,
            "c2": 0.1
          },
          "data_augmentation_config": {
            "add_builtin_entities_examples": false,
            "capitalization_ratio": 0,
            "min_utterances": 200
          },
          "feature_factory_configs": [
            {
              "args": {
                "common_words_gazetteer_name": "top_10000_words_stemmed",
                "n": 1,
                "use_stemming": true
              },
              "factory_name": "ngram",
              "offsets": [
                -2,
                -1,
                0,
                1,
                2
              ]
            },
            {
              "args": {
                "common_words_gazetteer_name": "top_10000_words_stemmed",
                "n": 2,
                "use_stemming": true
              },
              "factory_name": "ngram",
              "offsets": [
                -2,
                1
              ]
            },
            {
              "args": {},
              "factory_name": "is_digit",
              "offsets": [
                -1,
                0,
                1
              ]
            },
            {
              "args": {},
              "factory_name": "is_first",
              "offsets": [
                -2,
                -1,
                0
              ]
            },
            {
              "args": {},
              "factory_name": "is_last",
              "offsets": [
                0,
                1,
                2
              ]
            },
            {
              "args": {
                "entity_filter": {
                  "automatically_extensible": false
                },
                "tagging_scheme_code": 2,
                "use_stemming": true
              },
              "drop_out": 0.1,
              "factory_name": "entity_match",
              "offsets": [
                -2,
                -1,
                0
              ]
            },
            {
              "args": {
                "entity_filter": {
                  "automatically_extensible": true
                },
                "tagging_scheme_code": 2,
                "use_stemming": true
              },
              "drop_out": 0.5,
              "factory_name": "entity_match",
              "offsets": [
                -2,
                -1,
                0
              ]
            },
            {
              "args": {
                "tagging_scheme_code": 1
              },
              "factory_name": "builtin_entity_match",
              "offsets": [
                -2,
                -1,
                0
              ]
            }
          ],
          "tagging_scheme": 1,
          "unit_name": "crf_slot_filler"
        },
        "unit_name": "probabilistic_intent_parser"
      }
    ],
    "unit_name": "nlu_engine"
  },
  "custom_entity_parser": "custom_entity_parser",
  "dataset_metadata": {
    "entities": {
      "article": {
        "automatically_extensible": true
      },
      "color": {
        "automatically_extensible": true
      },
      "hass_cover": {
        "automatically_extensible": true
      },
      "hass_entity": {
        "automatically_extensible": true
      },
      "hass_light": {
        "automatically_extensible": true
      },
      "item": {
        "automatically_extensible": true
      },
      "item_random": {
        "automatically_extensible": false
      }
    },
    "language_code": "fr",
    "slot_name_mappings": {
      "Tealque:searchWikipedia": {
        "article_indicator": "article"
      },
      "dbddv01:choisirNombre": {
        "item_random": "item_random"
      },
      "dbddv01:getAddition": {
        "firstTerm": "snips/number",
        "secondTerm": "snips/number"
      },
      "dbddv01:getDivision": {
        "firstTerm": "snips/number",
        "secondTerm": "snips/number"
      },
      "dbddv01:getMultiplication": {
        "firstTerm": "snips/number",
        "secondTerm": "snips/number"
      },
      "dbddv01:getSoustraction": {
        "firstTerm": "snips/number",
        "secondTerm": "snips/number"
      },
      "hass:HassCloseCover": {
        "hass_cover": "hass_cover"
      },
      "hass:HassLightSet": {
        "brightness": "snips/percentage",
        "color": "color",
        "light": "hass_light"
      },
      "hass:HassOpenCover": {
        "cover": "hass_cover"
      },
      "hass:HassShoppingListAddItem": {
        "item": "item"
      },
      "hass:HassShoppingListLastItems": {},
      "hass:HassTurnOff": {
        "name": "hass_entity"
      },
      "hass:HassTurnOn": {
        "name": "hass_entity"
      }
    }
  },
  "intent_parsers": [
    "lookup_intent_parser",
    "probabilistic_intent_parser"
  ],
  "model_version": "0.20.0",
  "training_package_version": "0.20.1",
  "unit_name": "nlu_engine"
}