{
    "hass_light": {
        "vanilla": "87abcad7-5d52-4a47-b25b-622a685bc9ec.vanilla", 
        "ngram": true, 
        "added": "87abcad7-5d52-4a47-b25b-622a685bc9ec.added", 
        "pruningThresholds": [], 
        "order": 3
    }, 
    "artikel": {
        "vanilla": "275d439e-c272-4d3a-a801-df097c6b452c.vanilla", 
        "ngram": true, 
        "added": "275d439e-c272-4d3a-a801-df097c6b452c.added", 
        "pruningThresholds": [], 
        "order": 3
    }, 
    "snips/ordinal": {
        "vanilla": "bc260a36-3a9b-44f2-9301-b78ded08fce7.vanilla", 
        "ngram": false, 
        "added": "bc260a36-3a9b-44f2-9301-b78ded08fce7.added", 
        "pruningThresholds": [], 
        "order": 0
    }, 
    "Zeit": {
        "vanilla": "1352795b-60af-4364-8e0c-e18146a9756c.vanilla", 
        "ngram": true, 
        "added": "1352795b-60af-4364-8e0c-e18146a9756c.added", 
        "pruningThresholds": [], 
        "order": 3
    }, 
    "farbe": {
        "vanilla": "37036553-7cd2-4705-b7bf-68867c44709a.vanilla", 
        "ngram": true, 
        "added": "37036553-7cd2-4705-b7bf-68867c44709a.added", 
        "pruningThresholds": [], 
        "order": 3
    }, 
    "randomThings": {
        "vanilla": "b8047560-aafc-4a50-8d6b-ea644a2a1fe6.vanilla", 
        "ngram": true, 
        "added": "b8047560-aafc-4a50-8d6b-ea644a2a1fe6.added", 
        "pruningThresholds": [], 
        "order": 3
    }, 
    "snips/number": {
        "vanilla": "eac1a1fc-9f1b-46a9-9f90-4f6c18b7feb9.vanilla", 
        "ngram": false, 
        "added": "eac1a1fc-9f1b-46a9-9f90-4f6c18b7feb9.added", 
        "pruningThresholds": [], 
        "order": 0
    }, 
    "Timer": {
        "vanilla": "12fde5a4-b429-43d0-b44e-bd6818eab1e0.vanilla", 
        "ngram": true, 
        "added": "12fde5a4-b429-43d0-b44e-bd6818eab1e0.added", 
        "pruningThresholds": [], 
        "order": 3
    }, 
    "snips/duration": {
        "vanilla": "0838fed9-1773-4bf2-9052-e5ee2163a9f9.vanilla", 
        "ngram": false, 
        "added": "0838fed9-1773-4bf2-9052-e5ee2163a9f9.added", 
        "pruningThresholds": [], 
        "order": 0
    }, 
    "snips/percentage": {
        "vanilla": "cb491547-a1fe-4926-b4b8-51b9f70aaf91.vanilla", 
        "ngram": false, 
        "added": "cb491547-a1fe-4926-b4b8-51b9f70aaf91.added", 
        "pruningThresholds": [], 
        "order": 0
    }, 
    "hass_cover": {
        "vanilla": "8f79ff3b-88b5-4101-9f5b-9406111c8911.vanilla", 
        "ngram": true, 
        "added": "8f79ff3b-88b5-4101-9f5b-9406111c8911.added", 
        "pruningThresholds": [], 
        "order": 3
    }, 
    "hass_entity": {
        "vanilla": "12998ebc-f62f-4672-8949-4825903b087d.vanilla", 
        "ngram": true, 
        "added": "12998ebc-f62f-4672-8949-4825903b087d.added", 
        "pruningThresholds": [], 
        "order": 3
    }, 
    "article": {
        "vanilla": "fcfb9430-df20-4b0f-b12e-30d90e4ef75d.vanilla", 
        "ngram": true, 
        "added": "fcfb9430-df20-4b0f-b12e-30d90e4ef75d.added", 
        "pruningThresholds": [], 
        "order": 3
    }, 
    "Winkelfunktionen": {
        "vanilla": "8e65447f-cf7e-40a5-a9c5-99ce08bcffaf.vanilla", 
        "ngram": true, 
        "added": "8e65447f-cf7e-40a5-a9c5-99ce08bcffaf.added", 
        "pruningThresholds": [], 
        "order": 3
    }
}