{
  "parsers_metadata": [
    {
      "entity_identifier": "Timer",
      "entity_parser": "parser_1"
    },
    {
      "entity_identifier": "Winkelfunktionen",
      "entity_parser": "parser_2"
    },
    {
      "entity_identifier": "Zeit",
      "entity_parser": "parser_3"
    },
    {
      "entity_identifier": "article",
      "entity_parser": "parser_4"
    },
    {
      "entity_identifier": "artikel",
      "entity_parser": "parser_5"
    },
    {
      "entity_identifier": "farbe",
      "entity_parser": "parser_6"
    },
    {
      "entity_identifier": "hass_cover",
      "entity_parser": "parser_7"
    },
    {
      "entity_identifier": "hass_entity",
      "entity_parser": "parser_8"
    },
    {
      "entity_identifier": "hass_light",
      "entity_parser": "parser_9"
    },
    {
      "entity_identifier": "randomThings",
      "entity_parser": "parser_10"
    }
  ]
}