{
  "parsers_metadata": [
    {
      "entity_identifier": "color",
      "entity_parser": "parser_1"
    },
    {
      "entity_identifier": "feeling",
      "entity_parser": "parser_2"
    },
    {
      "entity_identifier": "food",
      "entity_parser": "parser_3"
    },
    {
      "entity_identifier": "food_unit",
      "entity_parser": "parser_4"
    },
    {
      "entity_identifier": "hass_cover",
      "entity_parser": "parser_5"
    },
    {
      "entity_identifier": "hass_entity",
      "entity_parser": "parser_6"
    },
    {
      "entity_identifier": "light",
      "entity_parser": "parser_7"
    },
    {
      "entity_identifier": "locality",
      "entity_parser": "parser_8"
    },
    {
      "entity_identifier": "quantity_literal",
      "entity_parser": "parser_9"
    },
    {
      "entity_identifier": "scale_literal",
      "entity_parser": "parser_10"
    },
    {
      "entity_identifier": "shopping_items",
      "entity_parser": "parser_11"
    },
    {
      "entity_identifier": "timeSlot",
      "entity_parser": "parser_12"
    }
  ]
}