{
  "id" : "proj_ebZvo08xE9B",
  "name" : "Sophia-FR",
  "intents" : [ {
    "id" : "dbddv01:getSoustraction",
    "type" : "registry",
    "version" : "1.0.0",
    "language" : "fr",
    "slots" : [ {
      "name" : "firstTerm",
      "id" : "r1nxDbyCf",
      "entityId" : "snips/number",
      "missingQuestion" : "Quel est le premier terme",
      "required" : true
    }, {
      "name" : "secondTerm",
      "id" : "rkw4PZJRG",
      "entityId" : "snips/number",
      "missingQuestion" : "Quel est le second terme",
      "required" : true
    } ],
    "name" : "getSoustraction",
    "enabledByDefault" : true
  }, {
    "id" : "dbddv01:getAddition",
    "type" : "registry",
    "version" : "1.0.0",
    "language" : "fr",
    "slots" : [ {
      "name" : "firstTerm",
      "id" : "Skba9xA6M",
      "entityId" : "snips/number",
      "missingQuestion" : "Quel est le premier nombre",
      "required" : true
    }, {
      "name" : "secondTerm",
      "id" : "B1oWjeC6G",
      "entityId" : "snips/number",
      "missingQuestion" : "Quel est le second nombre",
      "required" : true
    } ],
    "name" : "getAddition",
    "enabledByDefault" : true
  }, {
    "id" : "dbddv01:getMultiplication",
    "type" : "registry",
    "version" : "1.0.0",
    "language" : "fr",
    "slots" : [ {
      "name" : "firstTerm",
      "id" : "HyRA_ZkAM",
      "entityId" : "snips/number",
      "missingQuestion" : "",
      "required" : false
    }, {
      "name" : "secondTerm",
      "id" : "S1egK-JRf",
      "entityId" : "snips/number",
      "missingQuestion" : "",
      "required" : false
    } ],
    "name" : "getMultiplication",
    "enabledByDefault" : true
  }, {
    "id" : "dbddv01:getDivision",
    "type" : "registry",
    "version" : "1.0.0",
    "language" : "fr",
    "slots" : [ {
      "name" : "firstTerm",
      "id" : "H1rGSzyRz",
      "entityId" : "snips/number",
      "missingQuestion" : "",
      "required" : false
    }, {
      "name" : "secondTerm",
      "id" : "HyH4SMyAM",
      "entityId" : "snips/number",
      "missingQuestion" : "",
      "required" : false
    } ],
    "name" : "getDivision",
    "enabledByDefault" : true
  }, {
    "id" : "hass:HassTurnOn",
    "type" : "registry",
    "version" : "3.0.0",
    "language" : "fr",
    "slots" : [ {
      "name" : "name",
      "id" : "S1ldRhqKf",
      "entityId" : "entity_GyDlN3gY1vP",
      "missingQuestion" : "",
      "required" : false
    } ],
    "name" : "HassTurnOn",
    "enabledByDefault" : true
  }, {
    "id" : "hass:HassCloseCover",
    "type" : "registry",
    "version" : "2.0.0",
    "language" : "fr",
    "slots" : [ {
      "name" : "hass_cover",
      "id" : "BJIYyT5YG",
      "entityId" : "entity_7nD4PdDa4A6",
      "missingQuestion" : "",
      "required" : false
    } ],
    "name" : "HassCloseCover",
    "enabledByDefault" : true
  }, {
    "id" : "hass:HassShoppingListLastItems",
    "type" : "registry",
    "version" : "1.0.0",
    "language" : "fr",
    "slots" : [ ],
    "name" : "HassShoppingListLastItems",
    "enabledByDefault" : true
  }, {
    "id" : "hass:HassShoppingListAddItem",
    "type" : "registry",
    "version" : "3.0.0",
    "language" : "fr",
    "slots" : [ {
      "name" : "item",
      "id" : "S1t21Tqtz",
      "entityId" : "entity_ABDYEgM9yk1",
      "missingQuestion" : "",
      "required" : false
    } ],
    "name" : "HassShoppingListAddItem",
    "enabledByDefault" : true
  }, {
    "id" : "hass:HassTurnOff",
    "type" : "registry",
    "version" : "3.0.0",
    "language" : "fr",
    "slots" : [ {
      "name" : "name",
      "id" : "HkPA0n5tz",
      "entityId" : "entity_GyDlN3gY1vP",
      "missingQuestion" : "",
      "required" : false
    } ],
    "name" : "HassTurnOff",
    "enabledByDefault" : true
  }, {
    "id" : "hass:HassLightSet",
    "type" : "registry",
    "version" : "4.0.0",
    "language" : "fr",
    "slots" : [ {
      "name" : "light",
      "id" : "rkikxp9YM",
      "entityId" : "entity_K2DVBzQ5Drr",
      "missingQuestion" : "",
      "required" : false
    }, {
      "name" : "color",
      "id" : "SytEl6ctz",
      "entityId" : "entity_Z1QK6bDXVOW",
      "missingQuestion" : "",
      "required" : false
    }, {
      "name" : "brightness",
      "id" : "HJgOx69Kf",
      "entityId" : "snips/percentage",
      "missingQuestion" : "",
      "required" : false
    } ],
    "name" : "HassLightSet",
    "enabledByDefault" : true
  }, {
    "id" : "hass:HassOpenCover",
    "type" : "registry",
    "version" : "3.0.0",
    "language" : "fr",
    "slots" : [ {
      "name" : "cover",
      "id" : "rJ3zJ69tM",
      "entityId" : "entity_7nD4PdDa4A6",
      "missingQuestion" : "",
      "required" : false
    } ],
    "name" : "HassOpenCover",
    "enabledByDefault" : true
  }, {
    "id" : "dbddv01:choisirNombre",
    "type" : "registry",
    "version" : "1.0.0",
    "language" : "fr",
    "slots" : [ {
      "name" : "item_random",
      "id" : "S1mqOU3aM",
      "entityId" : "entity_e5rEYrM6bnDD",
      "missingQuestion" : "",
      "required" : false
    } ],
    "name" : "choisirNombre",
    "enabledByDefault" : true
  }, {
    "id" : "Tealque:searchWikipedia",
    "type" : "registry",
    "version" : "1.0.0",
    "language" : "fr",
    "slots" : [ {
      "name" : "article_indicator",
      "id" : "fHzoalovN",
      "entityId" : "entity_dWQZ4ew6WpG",
      "missingQuestion" : "Que cherchez vous ?",
      "required" : true
    } ],
    "name" : "searchWikipedia",
    "enabledByDefault" : true
  } ],
  "createdAt" : "2019-10-16T10:47:37.058Z",
  "language" : "fr",
  "version" : {
    "nluModel" : "0.20.1"
  },
  "platform" : {
    "type" : "raspberrypi"
  },
  "asr" : {
    "type" : "snips"
  },
  "analyticsEnabled" : false,
  "heartbeatEnabled" : false,
  "hotword" : "hey_snips"
}